instancia,heuristica,tenure,max_iter_param,no_improve_param,neighborhood,n_particles,w,c1,c2,v_max,execucao,semente,melhor_valor,valor_otimo,gap_pct,tempo_s,iter_convergencia,total_iteracoes
P01,BuscaTabu,10.0,500,100.0,flip,,,,,,1,42,309,309.0,0.0,0.0031,0,100
P01,BuscaTabu,10.0,500,100.0,flip,,,,,,2,43,309,309.0,0.0,0.0016,0,100
P01,BuscaTabu,10.0,500,100.0,flip,,,,,,3,44,309,309.0,0.0,0.0016,0,100
P01,BuscaTabu,10.0,500,100.0,flip,,,,,,4,45,309,309.0,0.0,0.0016,0,100
P01,BuscaTabu,10.0,500,100.0,flip,,,,,,5,46,309,309.0,0.0,0.0016,0,100
P01,BuscaTabu,10.0,500,100.0,swap,,,,,,1,42,309,309.0,0.0,0.0006,0,0
P01,BuscaTabu,10.0,500,100.0,swap,,,,,,2,43,309,309.0,0.0,0.0001,0,0
P01,BuscaTabu,10.0,500,100.0,swap,,,,,,3,44,309,309.0,0.0,0.0001,0,0
P01,BuscaTabu,10.0,500,100.0,swap,,,,,,4,45,309,309.0,0.0,0.0001,0,0
P01,BuscaTabu,10.0,500,100.0,swap,,,,,,5,46,309,309.0,0.0,0.0001,0,0
P01,BuscaTabu,10.0,1000,100.0,flip,,,,,,1,42,309,309.0,0.0,0.0016,0,100
P01,BuscaTabu,10.0,1000,100.0,flip,,,,,,2,43,309,309.0,0.0,0.0016,0,100
P01,BuscaTabu,10.0,1000,100.0,flip,,,,,,3,44,309,309.0,0.0,0.0016,0,100
P01,BuscaTabu,10.0,1000,100.0,flip,,,,,,4,45,309,309.0,0.0,0.0016,0,100
P01,BuscaTabu,10.0,1000,100.0,flip,,,,,,5,46,309,309.0,0.0,0.0016,0,100
P01,BuscaTabu,10.0,1000,100.0,swap,,,,,,1,42,309,309.0,0.0,0.0001,0,0
P01,BuscaTabu,10.0,1000,100.0,swap,,,,,,2,43,309,309.0,0.0,0.0,0,0
P01,BuscaTabu,10.0,1000,100.0,swap,,,,,,3,44,309,309.0,0.0,0.0,0,0
P01,BuscaTabu,10.0,1000,100.0,swap,,,,,,4,45,309,309.0,0.0,0.0,0,0
P01,BuscaTabu,10.0,1000,100.0,swap,,,,,,5,46,309,309.0,0.0,0.0,0,0
P01,BuscaTabu,20.0,500,100.0,flip,,,,,,1,42,309,309.0,0.0,0.0016,0,100
P01,BuscaTabu,20.0,500,100.0,flip,,,,,,2,43,309,309.0,0.0,0.0016,0,100
P01,BuscaTabu,20.0,500,100.0,flip,,,,,,3,44,309,309.0,0.0,0.0016,0,100
P01,BuscaTabu,20.0,500,100.0,flip,,,,,,4,45,309,309.0,0.0,0.0016,0,100
P01,BuscaTabu,20.0,500,100.0,flip,,,,,,5,46,309,309.0,0.0,0.0016,0,100
P01,BuscaTabu,20.0,500,100.0,swap,,,,,,1,42,309,309.0,0.0,0.0001,0,0
P01,BuscaTabu,20.0,500,100.0,swap,,,,,,2,43,309,309.0,0.0,0.0,0,0
P01,BuscaTabu,20.0,500,100.0,swap,,,,,,3,44,309,309.0,0.0,0.0,0,0
P01,BuscaTabu,20.0,500,100.0,swap,,,,,,4,45,309,309.0,0.0,0.0,0,0
P01,BuscaTabu,20.0,500,100.0,swap,,,,,,5,46,309,309.0,0.0,0.0,0,0
P01,BuscaTabu,20.0,1000,100.0,flip,,,,,,1,42,309,309.0,0.0,0.0025,0,100
P01,BuscaTabu,20.0,1000,100.0,flip,,,,,,2,43,309,309.0,0.0,0.0016,0,100
P01,BuscaTabu,20.0,1000,100.0,flip,,,,,,3,44,309,309.0,0.0,0.0016,0,100
P01,BuscaTabu,20.0,1000,100.0,flip,,,,,,4,45,309,309.0,0.0,0.0016,0,100
P01,BuscaTabu,20.0,1000,100.0,flip,,,,,,5,46,309,309.0,0.0,0.0016,0,100
P01,BuscaTabu,20.0,1000,100.0,swap,,,,,,1,42,309,309.0,0.0,0.0001,0,0
P01,BuscaTabu,20.0,1000,100.0,swap,,,,,,2,43,309,309.0,0.0,0.0,0,0
P01,BuscaTabu,20.0,1000,100.0,swap,,,,,,3,44,309,309.0,0.0,0.0,0,0
P01,BuscaTabu,20.0,1000,100.0,swap,,,,,,4,45,309,309.0,0.0,0.0,0,0
P01,BuscaTabu,20.0,1000,100.0,swap,,,,,,5,46,309,309.0,0.0,0.0,0,0
P01,PSO_Binario,,100,,,30.0,0.4,2.0,2.0,4.0,1,42,309,309.0,0.0,0.0506,0,100
P01,PSO_Binario,,100,,,30.0,0.4,2.0,2.0,4.0,2,43,309,309.0,0.0,0.046,0,100
P01,PSO_Binario,,100,,,30.0,0.4,2.0,2.0,4.0,3,44,309,309.0,0.0,0.0447,0,100
P01,PSO_Binario,,100,,,30.0,0.4,2.0,2.0,4.0,4,45,309,309.0,0.0,0.0322,0,100
P01,PSO_Binario,,100,,,30.0,0.4,2.0,2.0,4.0,5,46,309,309.0,0.0,0.0313,0,100
P01,PSO_Binario,,100,,,30.0,0.4,2.0,2.0,6.0,1,42,309,309.0,0.0,0.0478,0,100
P01,PSO_Binario,,100,,,30.0,0.4,2.0,2.0,6.0,2,43,309,309.0,0.0,0.0313,0,100
P01,PSO_Binario,,100,,,30.0,0.4,2.0,2.0,6.0,3,44,309,309.0,0.0,0.0315,0,100
P01,PSO_Binario,,100,,,30.0,0.4,2.0,2.0,6.0,4,45,309,309.0,0.0,0.0315,0,100
P01,PSO_Binario,,100,,,30.0,0.4,2.0,2.0,6.0,5,46,309,309.0,0.0,0.0315,0,100
P01,PSO_Binario,,100,,,30.0,0.7,2.0,2.0,4.0,1,42,309,309.0,0.0,0.032,0,100
P01,PSO_Binario,,100,,,30.0,0.7,2.0,2.0,4.0,2,43,309,309.0,0.0,0.0317,0,100
P01,PSO_Binario,,100,,,30.0,0.7,2.0,2.0,4.0,3,44,309,309.0,0.0,0.0319,0,100
P01,PSO_Binario,,100,,,30.0,0.7,2.0,2.0,4.0,4,45,309,309.0,0.0,0.0321,0,100
P01,PSO_Binario,,100,,,30.0,0.7,2.0,2.0,4.0,5,46,309,309.0,0.0,0.032,0,100
P01,PSO_Binario,,100,,,30.0,0.7,2.0,2.0,6.0,1,42,309,309.0,0.0,0.032,0,100
P01,PSO_Binario,,100,,,30.0,0.7,2.0,2.0,6.0,2,43,309,309.0,0.0,0.0315,0,100
P01,PSO_Binario,,100,,,30.0,0.7,2.0,2.0,6.0,3,44,309,309.0,0.0,0.0317,0,100
P01,PSO_Binario,,100,,,30.0,0.7,2.0,2.0,6.0,4,45,309,309.0,0.0,0.0318,0,100
P01,PSO_Binario,,100,,,30.0,0.7,2.0,2.0,6.0,5,46,309,309.0,0.0,0.032,0,100
P01,PSO_Binario,,100,,,30.0,0.9,2.0,2.0,4.0,1,42,309,309.0,0.0,0.0323,0,100
P01,PSO_Binario,,100,,,30.0,0.9,2.0,2.0,4.0,2,43,309,309.0,0.0,0.0319,0,100
P01,PSO_Binario,,100,,,30.0,0.9,2.0,2.0,4.0,3,44,309,309.0,0.0,0.0323,0,100
P01,PSO_Binario,,100,,,30.0,0.9,2.0,2.0,4.0,4,45,309,309.0,0.0,0.0323,0,100
P01,PSO_Binario,,100,,,30.0,0.9,2.0,2.0,4.0,5,46,309,309.0,0.0,0.0326,0,100
P01,PSO_Binario,,100,,,30.0,0.9,2.0,2.0,6.0,1,42,309,309.0,0.0,0.0432,0,100
P01,PSO_Binario,,100,,,30.0,0.9,2.0,2.0,6.0,2,43,309,309.0,0.0,0.0366,0,100
P01,PSO_Binario,,100,,,30.0,0.9,2.0,2.0,6.0,3,44,309,309.0,0.0,0.032,0,100
P01,PSO_Binario,,100,,,30.0,0.9,2.0,2.0,6.0,4,45,309,309.0,0.0,0.0322,0,100
P01,PSO_Binario,,100,,,30.0,0.9,2.0,2.0,6.0,5,46,309,309.0,0.0,0.0324,0,100
P01,PSO_Binario,,300,,,30.0,0.4,2.0,2.0,4.0,1,42,309,309.0,0.0,0.1435,0,300
P01,PSO_Binario,,300,,,30.0,0.4,2.0,2.0,4.0,2,43,309,309.0,0.0,0.0932,0,300
P01,PSO_Binario,,300,,,30.0,0.4,2.0,2.0,4.0,3,44,309,309.0,0.0,0.0936,0,300
P01,PSO_Binario,,300,,,30.0,0.4,2.0,2.0,4.0,4,45,309,309.0,0.0,0.0934,0,300
P01,PSO_Binario,,300,,,30.0,0.4,2.0,2.0,4.0,5,46,309,309.0,0.0,0.0947,0,300
P01,PSO_Binario,,300,,,30.0,0.4,2.0,2.0,6.0,1,42,309,309.0,0.0,0.1303,0,300
P01,PSO_Binario,,300,,,30.0,0.4,2.0,2.0,6.0,2,43,309,309.0,0.0,0.1432,0,300
P01,PSO_Binario,,300,,,30.0,0.4,2.0,2.0,6.0,3,44,309,309.0,0.0,0.0948,0,300
P01,PSO_Binario,,300,,,30.0,0.4,2.0,2.0,6.0,4,45,309,309.0,0.0,0.0936,0,300
P01,PSO_Binario,,300,,,30.0,0.4,2.0,2.0,6.0,5,46,309,309.0,0.0,0.0942,0,300
P01,PSO_Binario,,300,,,30.0,0.7,2.0,2.0,4.0,1,42,309,309.0,0.0,0.0985,0,300
P01,PSO_Binario,,300,,,30.0,0.7,2.0,2.0,4.0,2,43,309,309.0,0.0,0.1317,0,300
P01,PSO_Binario,,300,,,30.0,0.7,2.0,2.0,4.0,3,44,309,309.0,0.0,0.0992,0,300
P01,PSO_Binario,,300,,,30.0,0.7,2.0,2.0,4.0,4,45,309,309.0,0.0,0.0954,0,300
P01,PSO_Binario,,300,,,30.0,0.7,2.0,2.0,4.0,5,46,309,309.0,0.0,0.0955,0,300
P01,PSO_Binario,,300,,,30.0,0.7,2.0,2.0,6.0,1,42,309,309.0,0.0,0.0961,0,300
P01,PSO_Binario,,300,,,30.0,0.7,2.0,2.0,6.0,2,43,309,309.0,0.0,0.0955,0,300
P01,PSO_Binario,,300,,,30.0,0.7,2.0,2.0,6.0,3,44,309,309.0,0.0,0.182,0,300
P01,PSO_Binario,,300,,,30.0,0.7,2.0,2.0,6.0,4,45,309,309.0,0.0,0.0955,0,300
P01,PSO_Binario,,300,,,30.0,0.7,2.0,2.0,6.0,5,46,309,309.0,0.0,0.0955,0,300
P01,PSO_Binario,,300,,,30.0,0.9,2.0,2.0,4.0,1,42,309,309.0,0.0,0.0967,0,300
P01,PSO_Binario,,300,,,30.0,0.9,2.0,2.0,4.0,2,43,309,309.0,0.0,0.0959,0,300
P01,PSO_Binario,,300,,,30.0,0.9,2.0,2.0,4.0,3,44,309,309.0,0.0,0.0967,0,300
P01,PSO_Binario,,300,,,30.0,0.9,2.0,2.0,4.0,4,45,309,309.0,0.0,0.0963,0,300
P01,PSO_Binario,,300,,,30.0,0.9,2.0,2.0,4.0,5,46,309,309.0,0.0,0.0965,0,300
P01,PSO_Binario,,300,,,30.0,0.9,2.0,2.0,6.0,1,42,309,309.0,0.0,0.0972,0,300
P01,PSO_Binario,,300,,,30.0,0.9,2.0,2.0,6.0,2,43,309,309.0,0.0,0.0963,0,300
P01,PSO_Binario,,300,,,30.0,0.9,2.0,2.0,6.0,3,44,309,309.0,0.0,0.0977,0,300
P01,PSO_Binario,,300,,,30.0,0.9,2.0,2.0,6.0,4,45,309,309.0,0.0,0.0968,0,300
P01,PSO_Binario,,300,,,30.0,0.9,2.0,2.0,6.0,5,46,309,309.0,0.0,0.0972,0,300
P01,PSO_Binario,,100,,,100.0,0.4,2.0,2.0,4.0,1,42,309,309.0,0.0,0.0991,0,100
P01,PSO_Binario,,100,,,100.0,0.4,2.0,2.0,4.0,2,43,309,309.0,0.0,0.0986,0,100
P01,PSO_Binario,,100,,,100.0,0.4,2.0,2.0,4.0,3,44,309,309.0,0.0,0.0987,0,100
P01,PSO_Binario,,100,,,100.0,0.4,2.0,2.0,4.0,4,45,309,309.0,0.0,0.0984,0,100
P01,PSO_Binario,,100,,,100.0,0.4,2.0,2.0,4.0,5,46,309,309.0,0.0,0.0989,0,100
P01,PSO_Binario,,100,,,100.0,0.4,2.0,2.0,6.0,1,42,309,309.0,0.0,0.1014,0,100
P01,PSO_Binario,,100,,,100.0,0.4,2.0,2.0,6.0,2,43,309,309.0,0.0,0.0984,0,100
P01,PSO_Binario,,100,,,100.0,0.4,2.0,2.0,6.0,3,44,309,309.0,0.0,0.0987,0,100
P01,PSO_Binario,,100,,,100.0,0.4,2.0,2.0,6.0,4,45,309,309.0,0.0,0.0987,0,100
P01,PSO_Binario,,100,,,100.0,0.4,2.0,2.0,6.0,5,46,309,309.0,0.0,0.1001,0,100
P01,PSO_Binario,,100,,,100.0,0.7,2.0,2.0,4.0,1,42,309,309.0,0.0,0.1005,0,100
P01,PSO_Binario,,100,,,100.0,0.7,2.0,2.0,4.0,2,43,309,309.0,0.0,0.0996,0,100
P01,PSO_Binario,,100,,,100.0,0.7,2.0,2.0,4.0,3,44,309,309.0,0.0,0.1004,0,100
P01,PSO_Binario,,100,,,100.0,0.7,2.0,2.0,4.0,4,45,309,309.0,0.0,0.0999,0,100
P01,PSO_Binario,,100,,,100.0,0.7,2.0,2.0,4.0,5,46,309,309.0,0.0,0.1001,0,100
P01,PSO_Binario,,100,,,100.0,0.7,2.0,2.0,6.0,1,42,309,309.0,0.0,0.0995,0,100
P01,PSO_Binario,,100,,,100.0,0.7,2.0,2.0,6.0,2,43,309,309.0,0.0,0.0989,0,100
P01,PSO_Binario,,100,,,100.0,0.7,2.0,2.0,6.0,3,44,309,309.0,0.0,0.0997,0,100
P01,PSO_Binario,,100,,,100.0,0.7,2.0,2.0,6.0,4,45,309,309.0,0.0,0.0993,0,100
P01,PSO_Binario,,100,,,100.0,0.7,2.0,2.0,6.0,5,46,309,309.0,0.0,0.0997,0,100
P01,PSO_Binario,,100,,,100.0,0.9,2.0,2.0,4.0,1,42,309,309.0,0.0,0.1017,0,100
P01,PSO_Binario,,100,,,100.0,0.9,2.0,2.0,4.0,2,43,309,309.0,0.0,0.1007,0,100
P01,PSO_Binario,,100,,,100.0,0.9,2.0,2.0,4.0,3,44,309,309.0,0.0,0.1001,0,100
P01,PSO_Binario,,100,,,100.0,0.9,2.0,2.0,4.0,4,45,309,309.0,0.0,0.1003,0,100
P01,PSO_Binario,,100,,,100.0,0.9,2.0,2.0,4.0,5,46,309,309.0,0.0,0.1001,0,100
P01,PSO_Binario,,100,,,100.0,0.9,2.0,2.0,6.0,1,42,309,309.0,0.0,0.1012,0,100
P01,PSO_Binario,,100,,,100.0,0.9,2.0,2.0,6.0,2,43,309,309.0,0.0,0.1014,0,100
P01,PSO_Binario,,100,,,100.0,0.9,2.0,2.0,6.0,3,44,309,309.0,0.0,0.1014,0,100
P01,PSO_Binario,,100,,,100.0,0.9,2.0,2.0,6.0,4,45,309,309.0,0.0,0.1011,0,100
P01,PSO_Binario,,100,,,100.0,0.9,2.0,2.0,6.0,5,46,309,309.0,0.0,0.1014,0,100
P01,PSO_Binario,,300,,,100.0,0.4,2.0,2.0,4.0,1,42,309,309.0,0.0,0.2932,0,300
P01,PSO_Binario,,300,,,100.0,0.4,2.0,2.0,4.0,2,43,309,309.0,0.0,0.3116,0,300
P01,PSO_Binario,,300,,,100.0,0.4,2.0,2.0,4.0,3,44,309,309.0,0.0,0.3072,0,300
P01,PSO_Binario,,300,,,100.0,0.4,2.0,2.0,4.0,4,45,309,309.0,0.0,0.291,0,300
P01,PSO_Binario,,300,,,100.0,0.4,2.0,2.0,4.0,5,46,309,309.0,0.0,0.3018,0,300
P01,PSO_Binario,,300,,,100.0,0.4,2.0,2.0,6.0,1,42,309,309.0,0.0,0.2897,0,300
P01,PSO_Binario,,300,,,100.0,0.4,2.0,2.0,6.0,2,43,309,309.0,0.0,0.2893,0,300
P01,PSO_Binario,,300,,,100.0,0.4,2.0,2.0,6.0,3,44,309,309.0,0.0,0.2895,0,300
P01,PSO_Binario,,300,,,100.0,0.4,2.0,2.0,6.0,4,45,309,309.0,0.0,0.2896,0,300
P01,PSO_Binario,,300,,,100.0,0.4,2.0,2.0,6.0,5,46,309,309.0,0.0,0.2898,0,300
P01,PSO_Binario,,300,,,100.0,0.7,2.0,2.0,4.0,1,42,309,309.0,0.0,0.2949,0,300
P01,PSO_Binario,,300,,,100.0,0.7,2.0,2.0,4.0,2,43,309,309.0,0.0,0.2922,0,300
P01,PSO_Binario,,300,,,100.0,0.7,2.0,2.0,4.0,3,44,309,309.0,0.0,0.2939,0,300
P01,PSO_Binario,,300,,,100.0,0.7,2.0,2.0,4.0,4,45,309,309.0,0.0,0.2935,0,300
P01,PSO_Binario,,300,,,100.0,0.7,2.0,2.0,4.0,5,46,309,309.0,0.0,0.2929,0,300
P01,PSO_Binario,,300,,,100.0,0.7,2.0,2.0,6.0,1,42,309,309.0,0.0,0.3898,0,300
P01,PSO_Binario,,300,,,100.0,0.7,2.0,2.0,6.0,2,43,309,309.0,0.0,0.3084,0,300
P01,PSO_Binario,,300,,,100.0,0.7,2.0,2.0,6.0,3,44,309,309.0,0.0,0.2934,0,300
P01,PSO_Binario,,300,,,100.0,0.7,2.0,2.0,6.0,4,45,309,309.0,0.0,0.2956,0,300
P01,PSO_Binario,,300,,,100.0,0.7,2.0,2.0,6.0,5,46,309,309.0,0.0,0.2935,0,300
P01,PSO_Binario,,300,,,100.0,0.9,2.0,2.0,4.0,1,42,309,309.0,0.0,0.2974,0,300
P01,PSO_Binario,,300,,,100.0,0.9,2.0,2.0,4.0,2,43,309,309.0,0.0,0.3416,0,300
P01,PSO_Binario,,300,,,100.0,0.9,2.0,2.0,4.0,3,44,309,309.0,0.0,0.3021,0,300
P01,PSO_Binario,,300,,,100.0,0.9,2.0,2.0,4.0,4,45,309,309.0,0.0,0.2995,0,300
P01,PSO_Binario,,300,,,100.0,0.9,2.0,2.0,4.0,5,46,309,309.0,0.0,0.2971,0,300
P01,PSO_Binario,,300,,,100.0,0.9,2.0,2.0,6.0,1,42,309,309.0,0.0,0.2988,0,300
P01,PSO_Binario,,300,,,100.0,0.9,2.0,2.0,6.0,2,43,309,309.0,0.0,0.2987,0,300
P01,PSO_Binario,,300,,,100.0,0.9,2.0,2.0,6.0,3,44,309,309.0,0.0,0.2992,0,300
P01,PSO_Binario,,300,,,100.0,0.9,2.0,2.0,6.0,4,45,309,309.0,0.0,0.3191,0,300
P01,PSO_Binario,,300,,,100.0,0.9,2.0,2.0,6.0,5,46,309,309.0,0.0,0.317,0,300
P02,BuscaTabu,10.0,500,100.0,flip,,,,,,1,42,47,51.0,7.8431372549019605,0.0011,0,100
P02,BuscaTabu,10.0,500,100.0,flip,,,,,,2,43,47,51.0,7.8431372549019605,0.0011,0,100
P02,BuscaTabu,10.0,500,100.0,flip,,,,,,3,44,47,51.0,7.8431372549019605,0.0091,0,100
P02,BuscaTabu,10.0,500,100.0,flip,,,,,,4,45,47,51.0,7.8431372549019605,0.0033,0,100
P02,BuscaTabu,10.0,500,100.0,flip,,,,,,5,46,47,51.0,7.8431372549019605,0.0023,0,100
P02,BuscaTabu,10.0,500,100.0,swap,,,,,,1,42,47,51.0,7.8431372549019605,0.0033,0,100
P02,BuscaTabu,10.0,500,100.0,swap,,,,,,2,43,47,51.0,7.8431372549019605,0.0026,0,100
P02,BuscaTabu,10.0,500,100.0,swap,,,,,,3,44,47,51.0,7.8431372549019605,0.0022,0,100
P02,BuscaTabu,10.0,500,100.0,swap,,,,,,4,45,47,51.0,7.8431372549019605,0.0021,0,100
P02,BuscaTabu,10.0,500,100.0,swap,,,,,,5,46,47,51.0,7.8431372549019605,0.0122,0,100
P02,BuscaTabu,10.0,1000,100.0,flip,,,,,,1,42,47,51.0,7.8431372549019605,0.0028,0,100
P02,BuscaTabu,10.0,1000,100.0,flip,,,,,,2,43,47,51.0,7.8431372549019605,0.002,0,100
P02,BuscaTabu,10.0,1000,100.0,flip,,,,,,3,44,47,51.0,7.8431372549019605,0.0018,0,100
P02,BuscaTabu,10.0,1000,100.0,flip,,,,,,4,45,47,51.0,7.8431372549019605,0.0016,0,100
P02,BuscaTabu,10.0,1000,100.0,flip,,,,,,5,46,47,51.0,7.8431372549019605,0.0014,0,100
P02,BuscaTabu,10.0,1000,100.0,swap,,,,,,1,42,47,51.0,7.8431372549019605,0.0022,0,100
P02,BuscaTabu,10.0,1000,100.0,swap,,,,,,2,43,47,51.0,7.8431372549019605,0.002,0,100
P02,BuscaTabu,10.0,1000,100.0,swap,,,,,,3,44,47,51.0,7.8431372549019605,0.0019,0,100
P02,BuscaTabu,10.0,1000,100.0,swap,,,,,,4,45,47,51.0,7.8431372549019605,0.0019,0,100
P02,BuscaTabu,10.0,1000,100.0,swap,,,,,,5,46,47,51.0,7.8431372549019605,0.0019,0,100
P02,BuscaTabu,20.0,500,100.0,flip,,,,,,1,42,47,51.0,7.8431372549019605,0.0011,0,100
P02,BuscaTabu,20.0,500,100.0,flip,,,,,,2,43,47,51.0,7.8431372549019605,0.0083,0,100
P02,BuscaTabu,20.0,500,100.0,flip,,,,,,3,44,47,51.0,7.8431372549019605,0.0039,0,100
P02,BuscaTabu,20.0,500,100.0,flip,,,,,,4,45,47,51.0,7.8431372549019605,0.0026,0,100
P02,BuscaTabu,20.0,500,100.0,flip,,,,,,5,46,47,51.0,7.8431372549019605,0.0021,0,100
P02,BuscaTabu,20.0,500,100.0,swap,,,,,,1,42,47,51.0,7.8431372549019605,0.003,0,100
P02,BuscaTabu,20.0,500,100.0,swap,,,,,,2,43,47,51.0,7.8431372549019605,0.0024,0,100
P02,BuscaTabu,20.0,500,100.0,swap,,,,,,3,44,47,51.0,7.8431372549019605,0.0021,0,100
P02,BuscaTabu,20.0,500,100.0,swap,,,,,,4,45,47,51.0,7.8431372549019605,0.002,0,100
P02,BuscaTabu,20.0,500,100.0,swap,,,,,,5,46,47,51.0,7.8431372549019605,0.002,0,100
P02,BuscaTabu,20.0,1000,100.0,flip,,,,,,1,42,47,51.0,7.8431372549019605,0.0014,0,100
P02,BuscaTabu,20.0,1000,100.0,flip,,,,,,2,43,47,51.0,7.8431372549019605,0.0093,0,100
P02,BuscaTabu,20.0,1000,100.0,flip,,,,,,3,44,47,51.0,7.8431372549019605,0.0032,0,100
P02,BuscaTabu,20.0,1000,100.0,flip,,,,,,4,45,47,51.0,7.8431372549019605,0.0022,0,100
P02,BuscaTabu,20.0,1000,100.0,flip,,,,,,5,46,47,51.0,7.8431372549019605,0.0018,0,100
P02,BuscaTabu,20.0,1000,100.0,swap,,,,,,1,42,47,51.0,7.8431372549019605,0.0028,0,100
P02,BuscaTabu,20.0,1000,100.0,swap,,,,,,2,43,47,51.0,7.8431372549019605,0.0024,0,100
P02,BuscaTabu,20.0,1000,100.0,swap,,,,,,3,44,47,51.0,7.8431372549019605,0.0021,0,100
P02,BuscaTabu,20.0,1000,100.0,swap,,,,,,4,45,47,51.0,7.8431372549019605,0.0067,0,100
P02,BuscaTabu,20.0,1000,100.0,swap,,,,,,5,46,47,51.0,7.8431372549019605,0.0077,0,100
P02,PSO_Binario,,100,,,30.0,0.4,2.0,2.0,4.0,1,42,51,51.0,0.0,0.0424,1,100
P02,PSO_Binario,,100,,,30.0,0.4,2.0,2.0,4.0,2,43,51,51.0,0.0,0.0229,0,100
P02,PSO_Binario,,100,,,30.0,0.4,2.0,2.0,4.0,3,44,51,51.0,0.0,0.0216,0,100
P02,PSO_Binario,,100,,,30.0,0.4,2.0,2.0,4.0,4,45,51,51.0,0.0,0.0211,1,100
P02,PSO_Binario,,100,,,30.0,0.4,2.0,2.0,4.0,5,46,51,51.0,0.0,0.0211,0,100
P02,PSO_Binario,,100,,,30.0,0.4,2.0,2.0,6.0,1,42,51,51.0,0.0,0.0213,1,100
P02,PSO_Binario,,100,,,30.0,0.4,2.0,2.0,6.0,2,43,51,51.0,0.0,0.0213,0,100
P02,PSO_Binario,,100,,,30.0,0.4,2.0,2.0,6.0,3,44,51,51.0,0.0,0.0326,0,100
P02,PSO_Binario,,100,,,30.0,0.4,2.0,2.0,6.0,4,45,51,51.0,0.0,0.0238,1,100
P02,PSO_Binario,,100,,,30.0,0.4,2.0,2.0,6.0,5,46,51,51.0,0.0,0.0207,0,100
P02,PSO_Binario,,100,,,30.0,0.7,2.0,2.0,4.0,1,42,51,51.0,0.0,0.0205,1,100
P02,PSO_Binario,,100,,,30.0,0.7,2.0,2.0,4.0,2,43,51,51.0,0.0,0.0207,0,100
P02,PSO_Binario,,100,,,30.0,0.7,2.0,2.0,4.0,3,44,51,51.0,0.0,0.0208,0,100
P02,PSO_Binario,,100,,,30.0,0.7,2.0,2.0,4.0,4,45,51,51.0,0.0,0.0208,1,100
P02,PSO_Binario,,100,,,30.0,0.7,2.0,2.0,4.0,5,46,51,51.0,0.0,0.0202,0,100
P02,PSO_Binario,,100,,,30.0,0.7,2.0,2.0,6.0,1,42,51,51.0,0.0,0.0204,1,100
P02,PSO_Binario,,100,,,30.0,0.7,2.0,2.0,6.0,2,43,51,51.0,0.0,0.0366,0,100
P02,PSO_Binario,,100,,,30.0,0.7,2.0,2.0,6.0,3,44,51,51.0,0.0,0.0234,0,100
P02,PSO_Binario,,100,,,30.0,0.7,2.0,2.0,6.0,4,45,51,51.0,0.0,0.0239,1,100
P02,PSO_Binario,,100,,,30.0,0.7,2.0,2.0,6.0,5,46,51,51.0,0.0,0.0221,0,100
P02,PSO_Binario,,100,,,30.0,0.9,2.0,2.0,4.0,1,42,51,51.0,0.0,0.0196,1,100
P02,PSO_Binario,,100,,,30.0,0.9,2.0,2.0,4.0,2,43,51,51.0,0.0,0.0197,0,100
P02,PSO_Binario,,100,,,30.0,0.9,2.0,2.0,4.0,3,44,51,51.0,0.0,0.0193,0,100
P02,PSO_Binario,,100,,,30.0,0.9,2.0,2.0,4.0,4,45,51,51.0,0.0,0.0187,1,100
P02,PSO_Binario,,100,,,30.0,0.9,2.0,2.0,4.0,5,46,51,51.0,0.0,0.019,0,100
P02,PSO_Binario,,100,,,30.0,0.9,2.0,2.0,6.0,1,42,51,51.0,0.0,0.0193,1,100
P02,PSO_Binario,,100,,,30.0,0.9,2.0,2.0,6.0,2,43,51,51.0,0.0,0.0193,0,100
P02,PSO_Binario,,100,,,30.0,0.9,2.0,2.0,6.0,3,44,51,51.0,0.0,0.0189,0,100
P02,PSO_Binario,,100,,,30.0,0.9,2.0,2.0,6.0,4,45,51,51.0,0.0,0.0187,1,100
P02,PSO_Binario,,100,,,30.0,0.9,2.0,2.0,6.0,5,46,51,51.0,0.0,0.0189,0,100
P02,PSO_Binario,,300,,,30.0,0.4,2.0,2.0,4.0,1,42,51,51.0,0.0,0.0614,1,300
P02,PSO_Binario,,300,,,30.0,0.4,2.0,2.0,4.0,2,43,51,51.0,0.0,0.0617,0,300
P02,PSO_Binario,,300,,,30.0,0.4,2.0,2.0,4.0,3,44,51,51.0,0.0,0.0614,0,300
P02,PSO_Binario,,300,,,30.0,0.4,2.0,2.0,4.0,4,45,51,51.0,0.0,0.0616,1,300
P02,PSO_Binario,,300,,,30.0,0.4,2.0,2.0,4.0,5,46,51,51.0,0.0,0.0615,0,300
P02,PSO_Binario,,300,,,30.0,0.4,2.0,2.0,6.0,1,42,51,51.0,0.0,0.0612,1,300
P02,PSO_Binario,,300,,,30.0,0.4,2.0,2.0,6.0,2,43,51,51.0,0.0,0.0615,0,300
P02,PSO_Binario,,300,,,30.0,0.4,2.0,2.0,6.0,3,44,51,51.0,0.0,0.0616,0,300
P02,PSO_Binario,,300,,,30.0,0.4,2.0,2.0,6.0,4,45,51,51.0,0.0,0.0617,1,300
P02,PSO_Binario,,300,,,30.0,0.4,2.0,2.0,6.0,5,46,51,51.0,0.0,0.0614,0,300
P02,PSO_Binario,,300,,,30.0,0.7,2.0,2.0,4.0,1,42,51,51.0,0.0,0.0595,1,300
P02,PSO_Binario,,300,,,30.0,0.7,2.0,2.0,4.0,2,43,51,51.0,0.0,0.0606,0,300
P02,PSO_Binario,,300,,,30.0,0.7,2.0,2.0,4.0,3,44,51,51.0,0.0,0.0604,0,300
P02,PSO_Binario,,300,,,30.0,0.7,2.0,2.0,4.0,4,45,51,51.0,0.0,0.0604,1,300
P02,PSO_Binario,,300,,,30.0,0.7,2.0,2.0,4.0,5,46,51,51.0,0.0,0.0601,0,300
P02,PSO_Binario,,300,,,30.0,0.7,2.0,2.0,6.0,1,42,51,51.0,0.0,0.0595,1,300
P02,PSO_Binario,,300,,,30.0,0.7,2.0,2.0,6.0,2,43,51,51.0,0.0,0.0604,0,300
P02,PSO_Binario,,300,,,30.0,0.7,2.0,2.0,6.0,3,44,51,51.0,0.0,0.0609,0,300
P02,PSO_Binario,,300,,,30.0,0.7,2.0,2.0,6.0,4,45,51,51.0,0.0,0.0598,1,300
P02,PSO_Binario,,300,,,30.0,0.7,2.0,2.0,6.0,5,46,51,51.0,0.0,0.0595,0,300
P02,PSO_Binario,,300,,,30.0,0.9,2.0,2.0,4.0,1,42,51,51.0,0.0,0.0553,1,300
P02,PSO_Binario,,300,,,30.0,0.9,2.0,2.0,4.0,2,43,51,51.0,0.0,0.0563,0,300
P02,PSO_Binario,,300,,,30.0,0.9,2.0,2.0,4.0,3,44,51,51.0,0.0,0.0554,0,300
P02,PSO_Binario,,300,,,30.0,0.9,2.0,2.0,4.0,4,45,51,51.0,0.0,0.0551,1,300
P02,PSO_Binario,,300,,,30.0,0.9,2.0,2.0,4.0,5,46,51,51.0,0.0,0.0554,0,300
P02,PSO_Binario,,300,,,30.0,0.9,2.0,2.0,6.0,1,42,51,51.0,0.0,0.0555,1,300
P02,PSO_Binario,,300,,,30.0,0.9,2.0,2.0,6.0,2,43,51,51.0,0.0,0.0566,0,300
P02,PSO_Binario,,300,,,30.0,0.9,2.0,2.0,6.0,3,44,51,51.0,0.0,0.0558,0,300
P02,PSO_Binario,,300,,,30.0,0.9,2.0,2.0,6.0,4,45,51,51.0,0.0,0.0548,1,300
P02,PSO_Binario,,300,,,30.0,0.9,2.0,2.0,6.0,5,46,51,51.0,0.0,0.0553,0,300
P02,PSO_Binario,,100,,,100.0,0.4,2.0,2.0,4.0,1,42,51,51.0,0.0,0.0892,0,100
P02,PSO_Binario,,100,,,100.0,0.4,2.0,2.0,4.0,2,43,51,51.0,0.0,0.0978,0,100
P02,PSO_Binario,,100,,,100.0,0.4,2.0,2.0,4.0,3,44,51,51.0,0.0,0.079,0,100
P02,PSO_Binario,,100,,,100.0,0.4,2.0,2.0,4.0,4,45,51,51.0,0.0,0.1641,0,100
P02,PSO_Binario,,100,,,100.0,0.4,2.0,2.0,4.0,5,46,51,51.0,0.0,0.0786,0,100
P02,PSO_Binario,,100,,,100.0,0.4,2.0,2.0,6.0,1,42,51,51.0,0.0,0.0614,0,100
P02,PSO_Binario,,100,,,100.0,0.4,2.0,2.0,6.0,2,43,51,51.0,0.0,0.0613,0,100
P02,PSO_Binario,,100,,,100.0,0.4,2.0,2.0,6.0,3,44,51,51.0,0.0,0.0615,0,100
P02,PSO_Binario,,100,,,100.0,0.4,2.0,2.0,6.0,4,45,51,51.0,0.0,0.0618,0,100
P02,PSO_Binario,,100,,,100.0,0.4,2.0,2.0,6.0,5,46,51,51.0,0.0,0.0619,0,100
P02,PSO_Binario,,100,,,100.0,0.7,2.0,2.0,4.0,1,42,51,51.0,0.0,0.06,0,100
P02,PSO_Binario,,100,,,100.0,0.7,2.0,2.0,4.0,2,43,51,51.0,0.0,0.0667,0,100
P02,PSO_Binario,,100,,,100.0,0.7,2.0,2.0,4.0,3,44,51,51.0,0.0,0.0689,0,100
P02,PSO_Binario,,100,,,100.0,0.7,2.0,2.0,4.0,4,45,51,51.0,0.0,0.108,0,100
P02,PSO_Binario,,100,,,100.0,0.7,2.0,2.0,4.0,5,46,51,51.0,0.0,0.0667,0,100
P02,PSO_Binario,,100,,,100.0,0.7,2.0,2.0,6.0,1,42,51,51.0,0.0,0.1024,0,100
P02,PSO_Binario,,100,,,100.0,0.7,2.0,2.0,6.0,2,43,51,51.0,0.0,0.1719,0,100
P02,PSO_Binario,,100,,,100.0,0.7,2.0,2.0,6.0,3,44,51,51.0,0.0,0.0805,0,100
P02,PSO_Binario,,100,,,100.0,0.7,2.0,2.0,6.0,4,45,51,51.0,0.0,0.061,0,100
P02,PSO_Binario,,100,,,100.0,0.7,2.0,2.0,6.0,5,46,51,51.0,0.0,0.0626,0,100
P02,PSO_Binario,,100,,,100.0,0.9,2.0,2.0,4.0,1,42,51,51.0,0.0,0.0584,0,100
P02,PSO_Binario,,100,,,100.0,0.9,2.0,2.0,4.0,2,43,51,51.0,0.0,0.0563,0,100
P02,PSO_Binario,,100,,,100.0,0.9,2.0,2.0,4.0,3,44,51,51.0,0.0,0.0553,0,100
P02,PSO_Binario,,100,,,100.0,0.9,2.0,2.0,4.0,4,45,51,51.0,0.0,0.0559,0,100
P02,PSO_Binario,,100,,,100.0,0.9,2.0,2.0,4.0,5,46,51,51.0,0.0,0.0581,0,100
P02,PSO_Binario,,100,,,100.0,0.9,2.0,2.0,6.0,1,42,51,51.0,0.0,0.0558,0,100
P02,PSO_Binario,,100,,,100.0,0.9,2.0,2.0,6.0,2,43,51,51.0,0.0,0.0567,0,100
P02,PSO_Binario,,100,,,100.0,0.9,2.0,2.0,6.0,3,44,51,51.0,0.0,0.0558,0,100
P02,PSO_Binario,,100,,,100.0,0.9,2.0,2.0,6.0,4,45,51,51.0,0.0,0.0561,0,100
P02,PSO_Binario,,100,,,100.0,0.9,2.0,2.0,6.0,5,46,51,51.0,0.0,0.0733,0,100
P02,PSO_Binario,,300,,,100.0,0.4,2.0,2.0,4.0,1,42,51,51.0,0.0,0.2629,0,300
P02,PSO_Binario,,300,,,100.0,0.4,2.0,2.0,4.0,2,43,51,51.0,0.0,0.3202,0,300
P02,PSO_Binario,,300,,,100.0,0.4,2.0,2.0,4.0,3,44,51,51.0,0.0,0.2018,0,300
P02,PSO_Binario,,300,,,100.0,0.4,2.0,2.0,4.0,4,45,51,51.0,0.0,0.1943,0,300
P02,PSO_Binario,,300,,,100.0,0.4,2.0,2.0,4.0,5,46,51,51.0,0.0,0.1942,0,300
P02,PSO_Binario,,300,,,100.0,0.4,2.0,2.0,6.0,1,42,51,51.0,0.0,0.2187,0,300
P02,PSO_Binario,,300,,,100.0,0.4,2.0,2.0,6.0,2,43,51,51.0,0.0,0.261,0,300
P02,PSO_Binario,,300,,,100.0,0.4,2.0,2.0,6.0,3,44,51,51.0,0.0,0.2455,0,300
P02,PSO_Binario,,300,,,100.0,0.4,2.0,2.0,6.0,4,45,51,51.0,0.0,0.2078,0,300
P02,PSO_Binario,,300,,,100.0,0.4,2.0,2.0,6.0,5,46,51,51.0,0.0,0.1845,0,300
P02,PSO_Binario,,300,,,100.0,0.7,2.0,2.0,4.0,1,42,51,51.0,0.0,0.186,0,300
P02,PSO_Binario,,300,,,100.0,0.7,2.0,2.0,4.0,2,43,51,51.0,0.0,0.1856,0,300
P02,PSO_Binario,,300,,,100.0,0.7,2.0,2.0,4.0,3,44,51,51.0,0.0,0.1798,0,300
P02,PSO_Binario,,300,,,100.0,0.7,2.0,2.0,4.0,4,45,51,51.0,0.0,0.1865,0,300
P02,PSO_Binario,,300,,,100.0,0.7,2.0,2.0,4.0,5,46,51,51.0,0.0,0.1831,0,300
P02,PSO_Binario,,300,,,100.0,0.7,2.0,2.0,6.0,1,42,51,51.0,0.0,0.3025,0,300
P02,PSO_Binario,,300,,,100.0,0.7,2.0,2.0,6.0,2,43,51,51.0,0.0,0.219,0,300
P02,PSO_Binario,,300,,,100.0,0.7,2.0,2.0,6.0,3,44,51,51.0,0.0,0.209,0,300
P02,PSO_Binario,,300,,,100.0,0.7,2.0,2.0,6.0,4,45,51,51.0,0.0,0.2468,0,300
P02,PSO_Binario,,300,,,100.0,0.7,2.0,2.0,6.0,5,46,51,51.0,0.0,0.1859,0,300
P02,PSO_Binario,,300,,,100.0,0.9,2.0,2.0,4.0,1,42,51,51.0,0.0,0.1659,0,300
P02,PSO_Binario,,300,,,100.0,0.9,2.0,2.0,4.0,2,43,51,51.0,0.0,0.166,0,300
P02,PSO_Binario,,300,,,100.0,0.9,2.0,2.0,4.0,3,44,51,51.0,0.0,0.1667,0,300
P02,PSO_Binario,,300,,,100.0,0.9,2.0,2.0,4.0,4,45,51,51.0,0.0,0.1738,0,300
P02,PSO_Binario,,300,,,100.0,0.9,2.0,2.0,4.0,5,46,51,51.0,0.0,0.1931,0,300
P02,PSO_Binario,,300,,,100.0,0.9,2.0,2.0,6.0,1,42,51,51.0,0.0,0.1687,0,300
P02,PSO_Binario,,300,,,100.0,0.9,2.0,2.0,6.0,2,43,51,51.0,0.0,0.1734,0,300
P02,PSO_Binario,,300,,,100.0,0.9,2.0,2.0,6.0,3,44,51,51.0,0.0,0.1661,0,300
P02,PSO_Binario,,300,,,100.0,0.9,2.0,2.0,6.0,4,45,51,51.0,0.0,0.1684,0,300
P02,PSO_Binario,,300,,,100.0,0.9,2.0,2.0,6.0,5,46,51,51.0,0.0,0.174,0,300
P03,BuscaTabu,10.0,500,100.0,flip,,,,,,1,42,150,150.0,0.0,0.0014,2,102
P03,BuscaTabu,10.0,500,100.0,flip,,,,,,2,43,150,150.0,0.0,0.0015,2,102
P03,BuscaTabu,10.0,500,100.0,flip,,,,,,3,44,150,150.0,0.0,0.0014,2,102
P03,BuscaTabu,10.0,500,100.0,flip,,,,,,4,45,150,150.0,0.0,0.0015,2,102
P03,BuscaTabu,10.0,500,100.0,flip,,,,,,5,46,150,150.0,0.0,0.0014,2,102
P03,BuscaTabu,10.0,500,100.0,swap,,,,,,1,42,150,150.0,0.0,0.0031,1,101
P03,BuscaTabu,10.0,500,100.0,swap,,,,,,2,43,150,150.0,0.0,0.0031,1,101
P03,BuscaTabu,10.0,500,100.0,swap,,,,,,3,44,150,150.0,0.0,0.0034,1,101
P03,BuscaTabu,10.0,500,100.0,swap,,,,,,4,45,150,150.0,0.0,0.0039,1,101
P03,BuscaTabu,10.0,500,100.0,swap,,,,,,5,46,150,150.0,0.0,0.0031,1,101
P03,BuscaTabu,10.0,1000,100.0,flip,,,,,,1,42,150,150.0,0.0,0.0017,2,102
P03,BuscaTabu,10.0,1000,100.0,flip,,,,,,2,43,150,150.0,0.0,0.0017,2,102
P03,BuscaTabu,10.0,1000,100.0,flip,,,,,,3,44,150,150.0,0.0,0.0016,2,102
P03,BuscaTabu,10.0,1000,100.0,flip,,,,,,4,45,150,150.0,0.0,0.0016,2,102
P03,BuscaTabu,10.0,1000,100.0,flip,,,,,,5,46,150,150.0,0.0,0.0017,2,102
P03,BuscaTabu,10.0,1000,100.0,swap,,,,,,1,42,150,150.0,0.0,0.0032,1,101
P03,BuscaTabu,10.0,1000,100.0,swap,,,,,,2,43,150,150.0,0.0,0.0032,1,101
P03,BuscaTabu,10.0,1000,100.0,swap,,,,,,3,44,150,150.0,0.0,0.0022,1,101
P03,BuscaTabu,10.0,1000,100.0,swap,,,,,,4,45,150,150.0,0.0,0.0021,1,101
P03,BuscaTabu,10.0,1000,100.0,swap,,,,,,5,46,150,150.0,0.0,0.0021,1,101
P03,BuscaTabu,20.0,500,100.0,flip,,,,,,1,42,150,150.0,0.0,0.0012,2,102
P03,BuscaTabu,20.0,500,100.0,flip,,,,,,2,43,150,150.0,0.0,0.0012,2,102
P03,BuscaTabu,20.0,500,100.0,flip,,,,,,3,44,150,150.0,0.0,0.0012,2,102
P03,BuscaTabu,20.0,500,100.0,flip,,,,,,4,45,150,150.0,0.0,0.0011,2,102
P03,BuscaTabu,20.0,500,100.0,flip,,,,,,5,46,150,150.0,0.0,0.0012,2,102
P03,BuscaTabu,20.0,500,100.0,swap,,,,,,1,42,150,150.0,0.0,0.0021,1,101
P03,BuscaTabu,20.0,500,100.0,swap,,,,,,2,43,150,150.0,0.0,0.0022,1,101
P03,BuscaTabu,20.0,500,100.0,swap,,,,,,3,44,150,150.0,0.0,0.0021,1,101
P03,BuscaTabu,20.0,500,100.0,swap,,,,,,4,45,150,150.0,0.0,0.0021,1,101
P03,BuscaTabu,20.0,500,100.0,swap,,,,,,5,46,150,150.0,0.0,0.0021,1,101
P03,BuscaTabu,20.0,1000,100.0,flip,,,,,,1,42,150,150.0,0.0,0.0014,2,102
P03,BuscaTabu,20.0,1000,100.0,flip,,,,,,2,43,150,150.0,0.0,0.0014,2,102
P03,BuscaTabu,20.0,1000,100.0,flip,,,,,,3,44,150,150.0,0.0,0.0016,2,102
P03,BuscaTabu,20.0,1000,100.0,flip,,,,,,4,45,150,150.0,0.0,0.0016,2,102
P03,BuscaTabu,20.0,1000,100.0,flip,,,,,,5,46,150,150.0,0.0,0.0017,2,102
P03,BuscaTabu,20.0,1000,100.0,swap,,,,,,1,42,150,150.0,0.0,0.003,1,101
P03,BuscaTabu,20.0,1000,100.0,swap,,,,,,2,43,150,150.0,0.0,0.0061,1,101
P03,BuscaTabu,20.0,1000,100.0,swap,,,,,,3,44,150,150.0,0.0,0.0106,1,101
P03,BuscaTabu,20.0,1000,100.0,swap,,,,,,4,45,150,150.0,0.0,0.0043,1,101
P03,BuscaTabu,20.0,1000,100.0,swap,,,,,,5,46,150,150.0,0.0,0.0031,1,101
P03,PSO_Binario,,100,,,30.0,0.4,2.0,2.0,4.0,1,42,150,150.0,0.0,0.0354,0,100
P03,PSO_Binario,,100,,,30.0,0.4,2.0,2.0,4.0,2,43,150,150.0,0.0,0.024,1,100
P03,PSO_Binario,,100,,,30.0,0.4,2.0,2.0,4.0,3,44,150,150.0,0.0,0.0234,0,100
P03,PSO_Binario,,100,,,30.0,0.4,2.0,2.0,4.0,4,45,150,150.0,0.0,0.0243,0,100
P03,PSO_Binario,,100,,,30.0,0.4,2.0,2.0,4.0,5,46,150,150.0,0.0,0.0234,1,100
P03,PSO_Binario,,100,,,30.0,0.4,2.0,2.0,6.0,1,42,150,150.0,0.0,0.0253,0,100
P03,PSO_Binario,,100,,,30.0,0.4,2.0,2.0,6.0,2,43,150,150.0,0.0,0.0236,1,100
P03,PSO_Binario,,100,,,30.0,0.4,2.0,2.0,6.0,3,44,150,150.0,0.0,0.0244,0,100
P03,PSO_Binario,,100,,,30.0,0.4,2.0,2.0,6.0,4,45,150,150.0,0.0,0.0246,0,100
P03,PSO_Binario,,100,,,30.0,0.4,2.0,2.0,6.0,5,46,150,150.0,0.0,0.0235,1,100
P03,PSO_Binario,,100,,,30.0,0.7,2.0,2.0,4.0,1,42,150,150.0,0.0,0.0255,0,100
P03,PSO_Binario,,100,,,30.0,0.7,2.0,2.0,4.0,2,43,150,150.0,0.0,0.0252,1,100
P03,PSO_Binario,,100,,,30.0,0.7,2.0,2.0,4.0,3,44,150,150.0,0.0,0.0237,0,100
P03,PSO_Binario,,100,,,30.0,0.7,2.0,2.0,4.0,4,45,150,150.0,0.0,0.024,0,100
P03,PSO_Binario,,100,,,30.0,0.7,2.0,2.0,4.0,5,46,150,150.0,0.0,0.0249,1,100
P03,PSO_Binario,,100,,,30.0,0.7,2.0,2.0,6.0,1,42,150,150.0,0.0,0.0239,0,100
P03,PSO_Binario,,100,,,30.0,0.7,2.0,2.0,6.0,2,43,150,150.0,0.0,0.0238,1,100
P03,PSO_Binario,,100,,,30.0,0.7,2.0,2.0,6.0,3,44,150,150.0,0.0,0.0232,0,100
P03,PSO_Binario,,100,,,30.0,0.7,2.0,2.0,6.0,4,45,150,150.0,0.0,0.0236,0,100
P03,PSO_Binario,,100,,,30.0,0.7,2.0,2.0,6.0,5,46,150,150.0,0.0,0.0233,1,100
P03,PSO_Binario,,100,,,30.0,0.9,2.0,2.0,4.0,1,42,150,150.0,0.0,0.0223,0,100
P03,PSO_Binario,,100,,,30.0,0.9,2.0,2.0,4.0,2,43,150,150.0,0.0,0.0222,1,100
P03,PSO_Binario,,100,,,30.0,0.9,2.0,2.0,4.0,3,44,150,150.0,0.0,0.0243,0,100
P03,PSO_Binario,,100,,,30.0,0.9,2.0,2.0,4.0,4,45,150,150.0,0.0,0.0225,0,100
P03,PSO_Binario,,100,,,30.0,0.9,2.0,2.0,4.0,5,46,150,150.0,0.0,0.0219,1,100
P03,PSO_Binario,,100,,,30.0,0.9,2.0,2.0,6.0,1,42,150,150.0,0.0,0.0223,0,100
P03,PSO_Binario,,100,,,30.0,0.9,2.0,2.0,6.0,2,43,150,150.0,0.0,0.0228,1,100
P03,PSO_Binario,,100,,,30.0,0.9,2.0,2.0,6.0,3,44,150,150.0,0.0,0.0229,0,100
P03,PSO_Binario,,100,,,30.0,0.9,2.0,2.0,6.0,4,45,150,150.0,0.0,0.0223,0,100
P03,PSO_Binario,,100,,,30.0,0.9,2.0,2.0,6.0,5,46,150,150.0,0.0,0.0225,1,100
P03,PSO_Binario,,300,,,30.0,0.4,2.0,2.0,4.0,1,42,150,150.0,0.0,0.0726,0,300
P03,PSO_Binario,,300,,,30.0,0.4,2.0,2.0,4.0,2,43,150,150.0,0.0,0.0716,1,300
P03,PSO_Binario,,300,,,30.0,0.4,2.0,2.0,4.0,3,44,150,150.0,0.0,0.07,0,300
P03,PSO_Binario,,300,,,30.0,0.4,2.0,2.0,4.0,4,45,150,150.0,0.0,0.0706,0,300
P03,PSO_Binario,,300,,,30.0,0.4,2.0,2.0,4.0,5,46,150,150.0,0.0,0.071,1,300
P03,PSO_Binario,,300,,,30.0,0.4,2.0,2.0,6.0,1,42,150,150.0,0.0,0.0708,0,300
P03,PSO_Binario,,300,,,30.0,0.4,2.0,2.0,6.0,2,43,150,150.0,0.0,0.0712,1,300
P03,PSO_Binario,,300,,,30.0,0.4,2.0,2.0,6.0,3,44,150,150.0,0.0,0.0745,0,300
P03,PSO_Binario,,300,,,30.0,0.4,2.0,2.0,6.0,4,45,150,150.0,0.0,0.0717,0,300
P03,PSO_Binario,,300,,,30.0,0.4,2.0,2.0,6.0,5,46,150,150.0,0.0,0.071,1,300
P03,PSO_Binario,,300,,,30.0,0.7,2.0,2.0,4.0,1,42,150,150.0,0.0,0.0705,0,300
P03,PSO_Binario,,300,,,30.0,0.7,2.0,2.0,4.0,2,43,150,150.0,0.0,0.0859,1,300
P03,PSO_Binario,,300,,,30.0,0.7,2.0,2.0,4.0,3,44,150,150.0,0.0,0.069,0,300
P03,PSO_Binario,,300,,,30.0,0.7,2.0,2.0,4.0,4,45,150,150.0,0.0,0.0707,0,300
P03,PSO_Binario,,300,,,30.0,0.7,2.0,2.0,4.0,5,46,150,150.0,0.0,0.0738,1,300
P03,PSO_Binario,,300,,,30.0,0.7,2.0,2.0,6.0,1,42,150,150.0,0.0,0.0729,0,300
P03,PSO_Binario,,300,,,30.0,0.7,2.0,2.0,6.0,2,43,150,150.0,0.0,0.0696,1,300
P03,PSO_Binario,,300,,,30.0,0.7,2.0,2.0,6.0,3,44,150,150.0,0.0,0.0706,0,300
P03,PSO_Binario,,300,,,30.0,0.7,2.0,2.0,6.0,4,45,150,150.0,0.0,0.0706,0,300
P03,PSO_Binario,,300,,,30.0,0.7,2.0,2.0,6.0,5,46,150,150.0,0.0,0.0731,1,300
P03,PSO_Binario,,300,,,30.0,0.9,2.0,2.0,4.0,1,42,150,150.0,0.0,0.0648,0,300
P03,PSO_Binario,,300,,,30.0,0.9,2.0,2.0,4.0,2,43,150,150.0,0.0,0.0699,1,300
P03,PSO_Binario,,300,,,30.0,0.9,2.0,2.0,4.0,3,44,150,150.0,0.0,0.0641,0,300
P03,PSO_Binario,,300,,,30.0,0.9,2.0,2.0,4.0,4,45,150,150.0,0.0,0.0647,0,300
P03,PSO_Binario,,300,,,30.0,0.9,2.0,2.0,4.0,5,46,150,150.0,0.0,0.0652,1,300
P03,PSO_Binario,,300,,,30.0,0.9,2.0,2.0,6.0,1,42,150,150.0,0.0,0.0768,0,300
P03,PSO_Binario,,300,,,30.0,0.9,2.0,2.0,6.0,2,43,150,150.0,0.0,0.0667,1,300
P03,PSO_Binario,,300,,,30.0,0.9,2.0,2.0,6.0,3,44,150,150.0,0.0,0.0656,0,300
P03,PSO_Binario,,300,,,30.0,0.9,2.0,2.0,6.0,4,45,150,150.0,0.0,0.0697,0,300
P03,PSO_Binario,,300,,,30.0,0.9,2.0,2.0,6.0,5,46,150,150.0,0.0,0.0659,1,300
P03,PSO_Binario,,100,,,100.0,0.4,2.0,2.0,4.0,1,42,150,150.0,0.0,0.0712,0,100
P03,PSO_Binario,,100,,,100.0,0.4,2.0,2.0,4.0,2,43,150,150.0,0.0,0.0703,0,100
P03,PSO_Binario,,100,,,100.0,0.4,2.0,2.0,4.0,3,44,150,150.0,0.0,0.0742,0,100
P03,PSO_Binario,,100,,,100.0,0.4,2.0,2.0,4.0,4,45,150,150.0,0.0,0.1697,0,100
P03,PSO_Binario,,100,,,100.0,0.4,2.0,2.0,4.0,5,46,150,150.0,0.0,0.0888,0,100
P03,PSO_Binario,,100,,,100.0,0.4,2.0,2.0,6.0,1,42,150,150.0,0.0,0.0724,0,100
P03,PSO_Binario,,100,,,100.0,0.4,2.0,2.0,6.0,2,43,150,150.0,0.0,0.071,0,100
P03,PSO_Binario,,100,,,100.0,0.4,2.0,2.0,6.0,3,44,150,150.0,0.0,0.0705,0,100
P03,PSO_Binario,,100,,,100.0,0.4,2.0,2.0,6.0,4,45,150,150.0,0.0,0.0729,0,100
P03,PSO_Binario,,100,,,100.0,0.4,2.0,2.0,6.0,5,46,150,150.0,0.0,0.0738,0,100
P03,PSO_Binario,,100,,,100.0,0.7,2.0,2.0,4.0,1,42,150,150.0,0.0,0.0701,0,100
P03,PSO_Binario,,100,,,100.0,0.7,2.0,2.0,4.0,2,43,150,150.0,0.0,0.0715,0,100
P03,PSO_Binario,,100,,,100.0,0.7,2.0,2.0,4.0,3,44,150,150.0,0.0,0.0717,0,100
P03,PSO_Binario,,100,,,100.0,0.7,2.0,2.0,4.0,4,45,150,150.0,0.0,0.0726,0,100
P03,PSO_Binario,,100,,,100.0,0.7,2.0,2.0,4.0,5,46,150,150.0,0.0,0.0714,0,100
P03,PSO_Binario,,100,,,100.0,0.7,2.0,2.0,6.0,1,42,150,150.0,0.0,0.08,0,100
P03,PSO_Binario,,100,,,100.0,0.7,2.0,2.0,6.0,2,43,150,150.0,0.0,0.1117,0,100
P03,PSO_Binario,,100,,,100.0,0.7,2.0,2.0,6.0,3,44,150,150.0,0.0,0.1767,0,100
P03,PSO_Binario,,100,,,100.0,0.7,2.0,2.0,6.0,4,45,150,150.0,0.0,0.1101,0,100
P03,PSO_Binario,,100,,,100.0,0.7,2.0,2.0,6.0,5,46,150,150.0,0.0,0.0812,0,100
P03,PSO_Binario,,100,,,100.0,0.9,2.0,2.0,4.0,1,42,150,150.0,0.0,0.0879,0,100
P03,PSO_Binario,,100,,,100.0,0.9,2.0,2.0,4.0,2,43,150,150.0,0.0,0.0698,0,100
P03,PSO_Binario,,100,,,100.0,0.9,2.0,2.0,4.0,3,44,150,150.0,0.0,0.0712,0,100
P03,PSO_Binario,,100,,,100.0,0.9,2.0,2.0,4.0,4,45,150,150.0,0.0,0.0875,0,100
P03,PSO_Binario,,100,,,100.0,0.9,2.0,2.0,4.0,5,46,150,150.0,0.0,0.0751,0,100
P03,PSO_Binario,,100,,,100.0,0.9,2.0,2.0,6.0,1,42,150,150.0,0.0,0.0712,0,100
P03,PSO_Binario,,100,,,100.0,0.9,2.0,2.0,6.0,2,43,150,150.0,0.0,0.0668,0,100
P03,PSO_Binario,,100,,,100.0,0.9,2.0,2.0,6.0,3,44,150,150.0,0.0,0.0978,0,100
P03,PSO_Binario,,100,,,100.0,0.9,2.0,2.0,6.0,4,45,150,150.0,0.0,0.0916,0,100
P03,PSO_Binario,,100,,,100.0,0.9,2.0,2.0,6.0,5,46,150,150.0,0.0,0.0661,0,100
P03,PSO_Binario,,300,,,100.0,0.4,2.0,2.0,4.0,1,42,150,150.0,0.0,0.2177,0,300
P03,PSO_Binario,,300,,,100.0,0.4,2.0,2.0,4.0,2,43,150,150.0,0.0,0.2228,0,300
P03,PSO_Binario,,300,,,100.0,0.4,2.0,2.0,4.0,3,44,150,150.0,0.0,0.263,0,300
P03,PSO_Binario,,300,,,100.0,0.4,2.0,2.0,4.0,4,45,150,150.0,0.0,0.2309,0,300
P03,PSO_Binario,,300,,,100.0,0.4,2.0,2.0,4.0,5,46,150,150.0,0.0,0.2117,0,300
P03,PSO_Binario,,300,,,100.0,0.4,2.0,2.0,6.0,1,42,150,150.0,0.0,0.2099,0,300
P03,PSO_Binario,,300,,,100.0,0.4,2.0,2.0,6.0,2,43,150,150.0,0.0,0.2234,0,300
P03,PSO_Binario,,300,,,100.0,0.4,2.0,2.0,6.0,3,44,150,150.0,0.0,0.2146,0,300
P03,PSO_Binario,,300,,,100.0,0.4,2.0,2.0,6.0,4,45,150,150.0,0.0,0.2143,0,300
P03,PSO_Binario,,300,,,100.0,0.4,2.0,2.0,6.0,5,46,150,150.0,0.0,0.2098,0,300
P03,PSO_Binario,,300,,,100.0,0.7,2.0,2.0,4.0,1,42,150,150.0,0.0,0.2155,0,300
P03,PSO_Binario,,300,,,100.0,0.7,2.0,2.0,4.0,2,43,150,150.0,0.0,0.2119,0,300
P03,PSO_Binario,,300,,,100.0,0.7,2.0,2.0,4.0,3,44,150,150.0,0.0,0.2133,0,300
P03,PSO_Binario,,300,,,100.0,0.7,2.0,2.0,4.0,4,45,150,150.0,0.0,0.2111,0,300
P03,PSO_Binario,,300,,,100.0,0.7,2.0,2.0,4.0,5,46,150,150.0,0.0,0.2137,0,300
P03,PSO_Binario,,300,,,100.0,0.7,2.0,2.0,6.0,1,42,150,150.0,0.0,0.2168,0,300
P03,PSO_Binario,,300,,,100.0,0.7,2.0,2.0,6.0,2,43,150,150.0,0.0,0.2115,0,300
P03,PSO_Binario,,300,,,100.0,0.7,2.0,2.0,6.0,3,44,150,150.0,0.0,0.2141,0,300
P03,PSO_Binario,,300,,,100.0,0.7,2.0,2.0,6.0,4,45,150,150.0,0.0,0.2097,0,300
P03,PSO_Binario,,300,,,100.0,0.7,2.0,2.0,6.0,5,46,150,150.0,0.0,0.2122,0,300
P03,PSO_Binario,,300,,,100.0,0.9,2.0,2.0,4.0,1,42,150,150.0,0.0,0.2032,0,300
P03,PSO_Binario,,300,,,100.0,0.9,2.0,2.0,4.0,2,43,150,150.0,0.0,0.1927,0,300
P03,PSO_Binario,,300,,,100.0,0.9,2.0,2.0,4.0,3,44,150,150.0,0.0,0.1965,0,300
P03,PSO_Binario,,300,,,100.0,0.9,2.0,2.0,4.0,4,45,150,150.0,0.0,0.2007,0,300
P03,PSO_Binario,,300,,,100.0,0.9,2.0,2.0,4.0,5,46,150,150.0,0.0,0.1967,0,300
P03,PSO_Binario,,300,,,100.0,0.9,2.0,2.0,6.0,1,42,150,150.0,0.0,0.208,0,300
P03,PSO_Binario,,300,,,100.0,0.9,2.0,2.0,6.0,2,43,150,150.0,0.0,0.1982,0,300
P03,PSO_Binario,,300,,,100.0,0.9,2.0,2.0,6.0,3,44,150,150.0,0.0,0.2028,0,300
P03,PSO_Binario,,300,,,100.0,0.9,2.0,2.0,6.0,4,45,150,150.0,0.0,0.201,0,300
P03,PSO_Binario,,300,,,100.0,0.9,2.0,2.0,6.0,5,46,150,150.0,0.0,0.1983,0,300
P04,BuscaTabu,10.0,500,100.0,flip,,,,,,1,42,105,107.0,1.8691588785046727,0.0019,4,104
P04,BuscaTabu,10.0,500,100.0,flip,,,,,,2,43,105,107.0,1.8691588785046727,0.0016,4,104
P04,BuscaTabu,10.0,500,100.0,flip,,,,,,3,44,105,107.0,1.8691588785046727,0.0016,4,104
P04,BuscaTabu,10.0,500,100.0,flip,,,,,,4,45,105,107.0,1.8691588785046727,0.0019,4,104
P04,BuscaTabu,10.0,500,100.0,flip,,,,,,5,46,105,107.0,1.8691588785046727,0.0019,4,104
P04,BuscaTabu,10.0,500,100.0,swap,,,,,,1,42,105,107.0,1.8691588785046727,0.0034,1,101
P04,BuscaTabu,10.0,500,100.0,swap,,,,,,2,43,105,107.0,1.8691588785046727,0.0035,1,101
P04,BuscaTabu,10.0,500,100.0,swap,,,,,,3,44,105,107.0,1.8691588785046727,0.0035,1,101
P04,BuscaTabu,10.0,500,100.0,swap,,,,,,4,45,105,107.0,1.8691588785046727,0.0036,1,101
P04,BuscaTabu,10.0,500,100.0,swap,,,,,,5,46,105,107.0,1.8691588785046727,0.0037,1,101
P04,BuscaTabu,10.0,1000,100.0,flip,,,,,,1,42,105,107.0,1.8691588785046727,0.0019,4,104
P04,BuscaTabu,10.0,1000,100.0,flip,,,,,,2,43,105,107.0,1.8691588785046727,0.002,4,104
P04,BuscaTabu,10.0,1000,100.0,flip,,,,,,3,44,105,107.0,1.8691588785046727,0.002,4,104
P04,BuscaTabu,10.0,1000,100.0,flip,,,,,,4,45,105,107.0,1.8691588785046727,0.002,4,104
P04,BuscaTabu,10.0,1000,100.0,flip,,,,,,5,46,105,107.0,1.8691588785046727,0.002,4,104
P04,BuscaTabu,10.0,1000,100.0,swap,,,,,,1,42,105,107.0,1.8691588785046727,0.0034,1,101
P04,BuscaTabu,10.0,1000,100.0,swap,,,,,,2,43,105,107.0,1.8691588785046727,0.0034,1,101
P04,BuscaTabu,10.0,1000,100.0,swap,,,,,,3,44,105,107.0,1.8691588785046727,0.0035,1,101
P04,BuscaTabu,10.0,1000,100.0,swap,,,,,,4,45,105,107.0,1.8691588785046727,0.0029,1,101
P04,BuscaTabu,10.0,1000,100.0,swap,,,,,,5,46,105,107.0,1.8691588785046727,0.0025,1,101
P04,BuscaTabu,20.0,500,100.0,flip,,,,,,1,42,105,107.0,1.8691588785046727,0.0013,4,104
P04,BuscaTabu,20.0,500,100.0,flip,,,,,,2,43,105,107.0,1.8691588785046727,0.0013,4,104
P04,BuscaTabu,20.0,500,100.0,flip,,,,,,3,44,105,107.0,1.8691588785046727,0.0013,4,104
P04,BuscaTabu,20.0,500,100.0,flip,,,,,,4,45,105,107.0,1.8691588785046727,0.0013,4,104
P04,BuscaTabu,20.0,500,100.0,flip,,,,,,5,46,105,107.0,1.8691588785046727,0.0014,4,104
P04,BuscaTabu,20.0,500,100.0,swap,,,,,,1,42,105,107.0,1.8691588785046727,0.0026,1,101
P04,BuscaTabu,20.0,500,100.0,swap,,,,,,2,43,105,107.0,1.8691588785046727,0.0029,1,101
P04,BuscaTabu,20.0,500,100.0,swap,,,,,,3,44,105,107.0,1.8691588785046727,0.0025,1,101
P04,BuscaTabu,20.0,500,100.0,swap,,,,,,4,45,105,107.0,1.8691588785046727,0.0029,1,101
P04,BuscaTabu,20.0,500,100.0,swap,,,,,,5,46,105,107.0,1.8691588785046727,0.0026,1,101
P04,BuscaTabu,20.0,1000,100.0,flip,,,,,,1,42,105,107.0,1.8691588785046727,0.0016,4,104
P04,BuscaTabu,20.0,1000,100.0,flip,,,,,,2,43,105,107.0,1.8691588785046727,0.0017,4,104
P04,BuscaTabu,20.0,1000,100.0,flip,,,,,,3,44,105,107.0,1.8691588785046727,0.0017,4,104
P04,BuscaTabu,20.0,1000,100.0,flip,,,,,,4,45,105,107.0,1.8691588785046727,0.0019,4,104
P04,BuscaTabu,20.0,1000,100.0,flip,,,,,,5,46,105,107.0,1.8691588785046727,0.0014,4,104
P04,BuscaTabu,20.0,1000,100.0,swap,,,,,,1,42,105,107.0,1.8691588785046727,0.0036,1,101
P04,BuscaTabu,20.0,1000,100.0,swap,,,,,,2,43,105,107.0,1.8691588785046727,0.003,1,101
P04,BuscaTabu,20.0,1000,100.0,swap,,,,,,3,44,105,107.0,1.8691588785046727,0.0026,1,101
P04,BuscaTabu,20.0,1000,100.0,swap,,,,,,4,45,105,107.0,1.8691588785046727,0.0036,1,101
P04,BuscaTabu,20.0,1000,100.0,swap,,,,,,5,46,105,107.0,1.8691588785046727,0.0037,1,101
P04,PSO_Binario,,100,,,30.0,0.4,2.0,2.0,4.0,1,42,107,107.0,0.0,0.0294,0,100
P04,PSO_Binario,,100,,,30.0,0.4,2.0,2.0,4.0,2,43,107,107.0,0.0,0.027,0,100
P04,PSO_Binario,,100,,,30.0,0.4,2.0,2.0,4.0,3,44,107,107.0,0.0,0.0408,0,100
P04,PSO_Binario,,100,,,30.0,0.4,2.0,2.0,4.0,4,45,107,107.0,0.0,0.0257,0,100
P04,PSO_Binario,,100,,,30.0,0.4,2.0,2.0,4.0,5,46,107,107.0,0.0,0.0253,1,100
P04,PSO_Binario,,100,,,30.0,0.4,2.0,2.0,6.0,1,42,107,107.0,0.0,0.0243,0,100
P04,PSO_Binario,,100,,,30.0,0.4,2.0,2.0,6.0,2,43,107,107.0,0.0,0.0256,0,100
P04,PSO_Binario,,100,,,30.0,0.4,2.0,2.0,6.0,3,44,107,107.0,0.0,0.0241,0,100
P04,PSO_Binario,,100,,,30.0,0.4,2.0,2.0,6.0,4,45,107,107.0,0.0,0.039,0,100
P04,PSO_Binario,,100,,,30.0,0.4,2.0,2.0,6.0,5,46,107,107.0,0.0,0.0292,1,100
P04,PSO_Binario,,100,,,30.0,0.7,2.0,2.0,4.0,1,42,107,107.0,0.0,0.0255,0,100
P04,PSO_Binario,,100,,,30.0,0.7,2.0,2.0,4.0,2,43,107,107.0,0.0,0.0265,0,100
P04,PSO_Binario,,100,,,30.0,0.7,2.0,2.0,4.0,3,44,107,107.0,0.0,0.0263,0,100
P04,PSO_Binario,,100,,,30.0,0.7,2.0,2.0,4.0,4,45,107,107.0,0.0,0.0267,0,100
P04,PSO_Binario,,100,,,30.0,0.7,2.0,2.0,4.0,5,46,107,107.0,0.0,0.0266,1,100
P04,PSO_Binario,,100,,,30.0,0.7,2.0,2.0,6.0,1,42,107,107.0,0.0,0.0264,0,100
P04,PSO_Binario,,100,,,30.0,0.7,2.0,2.0,6.0,2,43,107,107.0,0.0,0.0258,0,100
P04,PSO_Binario,,100,,,30.0,0.7,2.0,2.0,6.0,3,44,107,107.0,0.0,0.0254,0,100
P04,PSO_Binario,,100,,,30.0,0.7,2.0,2.0,6.0,4,45,107,107.0,0.0,0.0263,0,100
P04,PSO_Binario,,100,,,30.0,0.7,2.0,2.0,6.0,5,46,107,107.0,0.0,0.0255,1,100
P04,PSO_Binario,,100,,,30.0,0.9,2.0,2.0,4.0,1,42,107,107.0,0.0,0.0259,0,100
P04,PSO_Binario,,100,,,30.0,0.9,2.0,2.0,4.0,2,43,107,107.0,0.0,0.0263,0,100
P04,PSO_Binario,,100,,,30.0,0.9,2.0,2.0,4.0,3,44,107,107.0,0.0,0.0275,0,100
P04,PSO_Binario,,100,,,30.0,0.9,2.0,2.0,4.0,4,45,107,107.0,0.0,0.0259,0,100
P04,PSO_Binario,,100,,,30.0,0.9,2.0,2.0,4.0,5,46,107,107.0,0.0,0.0263,1,100
P04,PSO_Binario,,100,,,30.0,0.9,2.0,2.0,6.0,1,42,107,107.0,0.0,0.027,0,100
P04,PSO_Binario,,100,,,30.0,0.9,2.0,2.0,6.0,2,43,107,107.0,0.0,0.0385,0,100
P04,PSO_Binario,,100,,,30.0,0.9,2.0,2.0,6.0,3,44,107,107.0,0.0,0.0275,0,100
P04,PSO_Binario,,100,,,30.0,0.9,2.0,2.0,6.0,4,45,107,107.0,0.0,0.0269,0,100
P04,PSO_Binario,,100,,,30.0,0.9,2.0,2.0,6.0,5,46,107,107.0,0.0,0.0276,1,100
P04,PSO_Binario,,300,,,30.0,0.4,2.0,2.0,4.0,1,42,107,107.0,0.0,0.0712,0,300
P04,PSO_Binario,,300,,,30.0,0.4,2.0,2.0,4.0,2,43,107,107.0,0.0,0.0765,0,300
P04,PSO_Binario,,300,,,30.0,0.4,2.0,2.0,4.0,3,44,107,107.0,0.0,0.0715,0,300
P04,PSO_Binario,,300,,,30.0,0.4,2.0,2.0,4.0,4,45,107,107.0,0.0,0.0741,0,300
P04,PSO_Binario,,300,,,30.0,0.4,2.0,2.0,4.0,5,46,107,107.0,0.0,0.0741,1,300
P04,PSO_Binario,,300,,,30.0,0.4,2.0,2.0,6.0,1,42,107,107.0,0.0,0.0713,0,300
P04,PSO_Binario,,300,,,30.0,0.4,2.0,2.0,6.0,2,43,107,107.0,0.0,0.0719,0,300
P04,PSO_Binario,,300,,,30.0,0.4,2.0,2.0,6.0,3,44,107,107.0,0.0,0.0797,0,300
P04,PSO_Binario,,300,,,30.0,0.4,2.0,2.0,6.0,4,45,107,107.0,0.0,0.0749,0,300
P04,PSO_Binario,,300,,,30.0,0.4,2.0,2.0,6.0,5,46,107,107.0,0.0,0.0722,1,300
P04,PSO_Binario,,300,,,30.0,0.7,2.0,2.0,4.0,1,42,107,107.0,0.0,0.0784,0,300
P04,PSO_Binario,,300,,,30.0,0.7,2.0,2.0,4.0,2,43,107,107.0,0.0,0.0764,0,300
P04,PSO_Binario,,300,,,30.0,0.7,2.0,2.0,4.0,3,44,107,107.0,0.0,0.0758,0,300
P04,PSO_Binario,,300,,,30.0,0.7,2.0,2.0,4.0,4,45,107,107.0,0.0,0.0779,0,300
P04,PSO_Binario,,300,,,30.0,0.7,2.0,2.0,4.0,5,46,107,107.0,0.0,0.0771,1,300
P04,PSO_Binario,,300,,,30.0,0.7,2.0,2.0,6.0,1,42,107,107.0,0.0,0.0778,0,300
P04,PSO_Binario,,300,,,30.0,0.7,2.0,2.0,6.0,2,43,107,107.0,0.0,0.0763,0,300
P04,PSO_Binario,,300,,,30.0,0.7,2.0,2.0,6.0,3,44,107,107.0,0.0,0.0766,0,300
P04,PSO_Binario,,300,,,30.0,0.7,2.0,2.0,6.0,4,45,107,107.0,0.0,0.0771,0,300
P04,PSO_Binario,,300,,,30.0,0.7,2.0,2.0,6.0,5,46,107,107.0,0.0,0.0778,1,300
P04,PSO_Binario,,300,,,30.0,0.9,2.0,2.0,4.0,1,42,107,107.0,0.0,0.0795,0,300
P04,PSO_Binario,,300,,,30.0,0.9,2.0,2.0,4.0,2,43,107,107.0,0.0,0.082,0,300
P04,PSO_Binario,,300,,,30.0,0.9,2.0,2.0,4.0,3,44,107,107.0,0.0,0.0794,0,300
P04,PSO_Binario,,300,,,30.0,0.9,2.0,2.0,4.0,4,45,107,107.0,0.0,0.0776,0,300
P04,PSO_Binario,,300,,,30.0,0.9,2.0,2.0,4.0,5,46,107,107.0,0.0,0.079,1,300
P04,PSO_Binario,,300,,,30.0,0.9,2.0,2.0,6.0,1,42,107,107.0,0.0,0.0968,0,300
P04,PSO_Binario,,300,,,30.0,0.9,2.0,2.0,6.0,2,43,107,107.0,0.0,0.083,0,300
P04,PSO_Binario,,300,,,30.0,0.9,2.0,2.0,6.0,3,44,107,107.0,0.0,0.0832,0,300
P04,PSO_Binario,,300,,,30.0,0.9,2.0,2.0,6.0,4,45,107,107.0,0.0,0.08,0,300
P04,PSO_Binario,,300,,,30.0,0.9,2.0,2.0,6.0,5,46,107,107.0,0.0,0.0815,1,300
P04,PSO_Binario,,100,,,100.0,0.4,2.0,2.0,4.0,1,42,107,107.0,0.0,0.0738,0,100
P04,PSO_Binario,,100,,,100.0,0.4,2.0,2.0,4.0,2,43,107,107.0,0.0,0.0731,0,100
P04,PSO_Binario,,100,,,100.0,0.4,2.0,2.0,4.0,3,44,107,107.0,0.0,0.0728,0,100
P04,PSO_Binario,,100,,,100.0,0.4,2.0,2.0,4.0,4,45,107,107.0,0.0,0.0764,0,100
P04,PSO_Binario,,100,,,100.0,0.4,2.0,2.0,4.0,5,46,107,107.0,0.0,0.0786,0,100
P04,PSO_Binario,,100,,,100.0,0.4,2.0,2.0,6.0,1,42,107,107.0,0.0,0.0732,0,100
P04,PSO_Binario,,100,,,100.0,0.4,2.0,2.0,6.0,2,43,107,107.0,0.0,0.0739,0,100
P04,PSO_Binario,,100,,,100.0,0.4,2.0,2.0,6.0,3,44,107,107.0,0.0,0.0747,0,100
P04,PSO_Binario,,100,,,100.0,0.4,2.0,2.0,6.0,4,45,107,107.0,0.0,0.073,0,100
P04,PSO_Binario,,100,,,100.0,0.4,2.0,2.0,6.0,5,46,107,107.0,0.0,0.0733,0,100
P04,PSO_Binario,,100,,,100.0,0.7,2.0,2.0,4.0,1,42,107,107.0,0.0,0.0809,0,100
P04,PSO_Binario,,100,,,100.0,0.7,2.0,2.0,4.0,2,43,107,107.0,0.0,0.0826,0,100
P04,PSO_Binario,,100,,,100.0,0.7,2.0,2.0,4.0,3,44,107,107.0,0.0,0.0769,0,100
P04,PSO_Binario,,100,,,100.0,0.7,2.0,2.0,4.0,4,45,107,107.0,0.0,0.0779,0,100
P04,PSO_Binario,,100,,,100.0,0.7,2.0,2.0,4.0,5,46,107,107.0,0.0,0.0796,0,100
P04,PSO_Binario,,100,,,100.0,0.7,2.0,2.0,6.0,1,42,107,107.0,0.0,0.079,0,100
P04,PSO_Binario,,100,,,100.0,0.7,2.0,2.0,6.0,2,43,107,107.0,0.0,0.0802,0,100
P04,PSO_Binario,,100,,,100.0,0.7,2.0,2.0,6.0,3,44,107,107.0,0.0,0.0794,0,100
P04,PSO_Binario,,100,,,100.0,0.7,2.0,2.0,6.0,4,45,107,107.0,0.0,0.0776,0,100
P04,PSO_Binario,,100,,,100.0,0.7,2.0,2.0,6.0,5,46,107,107.0,0.0,0.0776,0,100
P04,PSO_Binario,,100,,,100.0,0.9,2.0,2.0,4.0,1,42,107,107.0,0.0,0.0821,0,100
P04,PSO_Binario,,100,,,100.0,0.9,2.0,2.0,4.0,2,43,107,107.0,0.0,0.0816,0,100
P04,PSO_Binario,,100,,,100.0,0.9,2.0,2.0,4.0,3,44,107,107.0,0.0,0.0813,0,100
P04,PSO_Binario,,100,,,100.0,0.9,2.0,2.0,4.0,4,45,107,107.0,0.0,0.0843,0,100
P04,PSO_Binario,,100,,,100.0,0.9,2.0,2.0,4.0,5,46,107,107.0,0.0,0.0804,0,100
P04,PSO_Binario,,100,,,100.0,0.9,2.0,2.0,6.0,1,42,107,107.0,0.0,0.0831,0,100
P04,PSO_Binario,,100,,,100.0,0.9,2.0,2.0,6.0,2,43,107,107.0,0.0,0.0816,0,100
P04,PSO_Binario,,100,,,100.0,0.9,2.0,2.0,6.0,3,44,107,107.0,0.0,0.0809,0,100
P04,PSO_Binario,,100,,,100.0,0.9,2.0,2.0,6.0,4,45,107,107.0,0.0,0.0824,0,100
P04,PSO_Binario,,100,,,100.0,0.9,2.0,2.0,6.0,5,46,107,107.0,0.0,0.0807,0,100
P04,PSO_Binario,,300,,,100.0,0.4,2.0,2.0,4.0,1,42,107,107.0,0.0,0.2264,0,300
P04,PSO_Binario,,300,,,100.0,0.4,2.0,2.0,4.0,2,43,107,107.0,0.0,0.2392,0,300
P04,PSO_Binario,,300,,,100.0,0.4,2.0,2.0,4.0,3,44,107,107.0,0.0,0.219,0,300
P04,PSO_Binario,,300,,,100.0,0.4,2.0,2.0,4.0,4,45,107,107.0,0.0,0.226,0,300
P04,PSO_Binario,,300,,,100.0,0.4,2.0,2.0,4.0,5,46,107,107.0,0.0,0.2155,0,300
P04,PSO_Binario,,300,,,100.0,0.4,2.0,2.0,6.0,1,42,107,107.0,0.0,0.2175,0,300
P04,PSO_Binario,,300,,,100.0,0.4,2.0,2.0,6.0,2,43,107,107.0,0.0,0.2195,0,300
P04,PSO_Binario,,300,,,100.0,0.4,2.0,2.0,6.0,3,44,107,107.0,0.0,0.2195,0,300
P04,PSO_Binario,,300,,,100.0,0.4,2.0,2.0,6.0,4,45,107,107.0,0.0,0.2213,0,300
P04,PSO_Binario,,300,,,100.0,0.4,2.0,2.0,6.0,5,46,107,107.0,0.0,0.2359,0,300
P04,PSO_Binario,,300,,,100.0,0.7,2.0,2.0,4.0,1,42,107,107.0,0.0,0.2393,0,300
P04,PSO_Binario,,300,,,100.0,0.7,2.0,2.0,4.0,2,43,107,107.0,0.0,0.2324,0,300
P04,PSO_Binario,,300,,,100.0,0.7,2.0,2.0,4.0,3,44,107,107.0,0.0,0.2318,0,300
P04,PSO_Binario,,300,,,100.0,0.7,2.0,2.0,4.0,4,45,107,107.0,0.0,0.2312,0,300
P04,PSO_Binario,,300,,,100.0,0.7,2.0,2.0,4.0,5,46,107,107.0,0.0,0.2325,0,300
P04,PSO_Binario,,300,,,100.0,0.7,2.0,2.0,6.0,1,42,107,107.0,0.0,0.3485,0,300
P04,PSO_Binario,,300,,,100.0,0.7,2.0,2.0,6.0,2,43,107,107.0,0.0,0.2367,0,300
P04,PSO_Binario,,300,,,100.0,0.7,2.0,2.0,6.0,3,44,107,107.0,0.0,0.2304,0,300
P04,PSO_Binario,,300,,,100.0,0.7,2.0,2.0,6.0,4,45,107,107.0,0.0,0.2385,0,300
P04,PSO_Binario,,300,,,100.0,0.7,2.0,2.0,6.0,5,46,107,107.0,0.0,0.2326,0,300
P04,PSO_Binario,,300,,,100.0,0.9,2.0,2.0,4.0,1,42,107,107.0,0.0,0.2415,0,300
P04,PSO_Binario,,300,,,100.0,0.9,2.0,2.0,4.0,2,43,107,107.0,0.0,0.2402,0,300
P04,PSO_Binario,,300,,,100.0,0.9,2.0,2.0,4.0,3,44,107,107.0,0.0,0.2509,0,300
P04,PSO_Binario,,300,,,100.0,0.9,2.0,2.0,4.0,4,45,107,107.0,0.0,0.238,0,300
P04,PSO_Binario,,300,,,100.0,0.9,2.0,2.0,4.0,5,46,107,107.0,0.0,0.2436,0,300
P04,PSO_Binario,,300,,,100.0,0.9,2.0,2.0,6.0,1,42,107,107.0,0.0,0.2439,0,300
P04,PSO_Binario,,300,,,100.0,0.9,2.0,2.0,6.0,2,43,107,107.0,0.0,0.2447,0,300
P04,PSO_Binario,,300,,,100.0,0.9,2.0,2.0,6.0,3,44,107,107.0,0.0,0.2464,0,300
P04,PSO_Binario,,300,,,100.0,0.9,2.0,2.0,6.0,4,45,107,107.0,0.0,0.2476,0,300
P04,PSO_Binario,,300,,,100.0,0.9,2.0,2.0,6.0,5,46,107,107.0,0.0,0.2496,0,300
P05,BuscaTabu,10.0,500,100.0,flip,,,,,,1,42,900,900.0,0.0,0.0024,27,127
P05,BuscaTabu,10.0,500,100.0,flip,,,,,,2,43,900,900.0,0.0,0.0022,27,127
P05,BuscaTabu,10.0,500,100.0,flip,,,,,,3,44,900,900.0,0.0,0.0025,27,127
P05,BuscaTabu,10.0,500,100.0,flip,,,,,,4,45,900,900.0,0.0,0.0028,27,127
P05,BuscaTabu,10.0,500,100.0,flip,,,,,,5,46,900,900.0,0.0,0.0028,27,127
P05,BuscaTabu,10.0,500,100.0,swap,,,,,,1,42,858,900.0,4.666666666666667,0.0001,0,0
P05,BuscaTabu,10.0,500,100.0,swap,,,,,,2,43,858,900.0,4.666666666666667,0.0001,0,0
P05,BuscaTabu,10.0,500,100.0,swap,,,,,,3,44,858,900.0,4.666666666666667,0.0001,0,0
P05,BuscaTabu,10.0,500,100.0,swap,,,,,,4,45,858,900.0,4.666666666666667,0.0001,0,0
P05,BuscaTabu,10.0,500,100.0,swap,,,,,,5,46,858,900.0,4.666666666666667,0.0001,0,0
P05,BuscaTabu,10.0,1000,100.0,flip,,,,,,1,42,900,900.0,0.0,0.0027,27,127
P05,BuscaTabu,10.0,1000,100.0,flip,,,,,,2,43,900,900.0,0.0,0.0028,27,127
P05,BuscaTabu,10.0,1000,100.0,flip,,,,,,3,44,900,900.0,0.0,0.0028,27,127
P05,BuscaTabu,10.0,1000,100.0,flip,,,,,,4,45,900,900.0,0.0,0.0029,27,127
P05,BuscaTabu,10.0,1000,100.0,flip,,,,,,5,46,900,900.0,0.0,0.0026,27,127
P05,BuscaTabu,10.0,1000,100.0,swap,,,,,,1,42,858,900.0,4.666666666666667,0.0001,0,0
P05,BuscaTabu,10.0,1000,100.0,swap,,,,,,2,43,858,900.0,4.666666666666667,0.0,0,0
P05,BuscaTabu,10.0,1000,100.0,swap,,,,,,3,44,858,900.0,4.666666666666667,0.0,0,0
P05,BuscaTabu,10.0,1000,100.0,swap,,,,,,4,45,858,900.0,4.666666666666667,0.0,0,0
P05,BuscaTabu,10.0,1000,100.0,swap,,,,,,5,46,858,900.0,4.666666666666667,0.0,0,0
P05,BuscaTabu,20.0,500,100.0,flip,,,,,,1,42,900,900.0,0.0,0.0023,37,137
P05,BuscaTabu,20.0,500,100.0,flip,,,,,,2,43,900,900.0,0.0,0.0022,37,137
P05,BuscaTabu,20.0,500,100.0,flip,,,,,,3,44,900,900.0,0.0,0.0021,37,137
P05,BuscaTabu,20.0,500,100.0,flip,,,,,,4,45,900,900.0,0.0,0.0021,37,137
P05,BuscaTabu,20.0,500,100.0,flip,,,,,,5,46,900,900.0,0.0,0.002,37,137
P05,BuscaTabu,20.0,500,100.0,swap,,,,,,1,42,858,900.0,4.666666666666667,0.0,0,0
P05,BuscaTabu,20.0,500,100.0,swap,,,,,,2,43,858,900.0,4.666666666666667,0.0,0,0
P05,BuscaTabu,20.0,500,100.0,swap,,,,,,3,44,858,900.0,4.666666666666667,0.0,0,0
P05,BuscaTabu,20.0,500,100.0,swap,,,,,,4,45,858,900.0,4.666666666666667,0.0,0,0
P05,BuscaTabu,20.0,500,100.0,swap,,,,,,5,46,858,900.0,4.666666666666667,0.0,0,0
P05,BuscaTabu,20.0,1000,100.0,flip,,,,,,1,42,900,900.0,0.0,0.0026,37,137
P05,BuscaTabu,20.0,1000,100.0,flip,,,,,,2,43,900,900.0,0.0,0.0025,37,137
P05,BuscaTabu,20.0,1000,100.0,flip,,,,,,3,44,900,900.0,0.0,0.003,37,137
P05,BuscaTabu,20.0,1000,100.0,flip,,,,,,4,45,900,900.0,0.0,0.003,37,137
P05,BuscaTabu,20.0,1000,100.0,flip,,,,,,5,46,900,900.0,0.0,0.0028,37,137
P05,BuscaTabu,20.0,1000,100.0,swap,,,,,,1,42,858,900.0,4.666666666666667,0.0001,0,0
P05,BuscaTabu,20.0,1000,100.0,swap,,,,,,2,43,858,900.0,4.666666666666667,0.0,0,0
P05,BuscaTabu,20.0,1000,100.0,swap,,,,,,3,44,858,900.0,4.666666666666667,0.0,0,0
P05,BuscaTabu,20.0,1000,100.0,swap,,,,,,4,45,858,900.0,4.666666666666667,0.0,0,0
P05,BuscaTabu,20.0,1000,100.0,swap,,,,,,5,46,858,900.0,4.666666666666667,0.0,0,0
P05,PSO_Binario,,100,,,30.0,0.4,2.0,2.0,4.0,1,42,900,900.0,0.0,0.0339,2,100
P05,PSO_Binario,,100,,,30.0,0.4,2.0,2.0,4.0,2,43,900,900.0,0.0,0.0475,10,100
P05,PSO_Binario,,100,,,30.0,0.4,2.0,2.0,4.0,3,44,900,900.0,0.0,0.0444,1,100
P05,PSO_Binario,,100,,,30.0,0.4,2.0,2.0,4.0,4,45,900,900.0,0.0,0.0441,1,100
P05,PSO_Binario,,100,,,30.0,0.4,2.0,2.0,4.0,5,46,900,900.0,0.0,0.037,4,100
P05,PSO_Binario,,100,,,30.0,0.4,2.0,2.0,6.0,1,42,900,900.0,0.0,0.018,2,100
P05,PSO_Binario,,100,,,30.0,0.4,2.0,2.0,6.0,2,43,900,900.0,0.0,0.019,3,100
P05,PSO_Binario,,100,,,30.0,0.4,2.0,2.0,6.0,3,44,900,900.0,0.0,0.0176,3,100
P05,PSO_Binario,,100,,,30.0,0.4,2.0,2.0,6.0,4,45,900,900.0,0.0,0.0173,1,100
P05,PSO_Binario,,100,,,30.0,0.4,2.0,2.0,6.0,5,46,900,900.0,0.0,0.0183,10,100
P05,PSO_Binario,,100,,,30.0,0.7,2.0,2.0,4.0,1,42,900,900.0,0.0,0.0177,7,100
P05,PSO_Binario,,100,,,30.0,0.7,2.0,2.0,4.0,2,43,900,900.0,0.0,0.0176,8,100
P05,PSO_Binario,,100,,,30.0,0.7,2.0,2.0,4.0,3,44,900,900.0,0.0,0.0174,7,100
P05,PSO_Binario,,100,,,30.0,0.7,2.0,2.0,4.0,4,45,900,900.0,0.0,0.0174,3,100
P05,PSO_Binario,,100,,,30.0,0.7,2.0,2.0,4.0,5,46,900,900.0,0.0,0.0175,12,100
P05,PSO_Binario,,100,,,30.0,0.7,2.0,2.0,6.0,1,42,900,900.0,0.0,0.0175,2,100
P05,PSO_Binario,,100,,,30.0,0.7,2.0,2.0,6.0,2,43,900,900.0,0.0,0.0175,4,100
P05,PSO_Binario,,100,,,30.0,0.7,2.0,2.0,6.0,3,44,900,900.0,0.0,0.0174,7,100
P05,PSO_Binario,,100,,,30.0,0.7,2.0,2.0,6.0,4,45,900,900.0,0.0,0.0174,3,100
P05,PSO_Binario,,100,,,30.0,0.7,2.0,2.0,6.0,5,46,900,900.0,0.0,0.0178,18,100
P05,PSO_Binario,,100,,,30.0,0.9,2.0,2.0,4.0,1,42,900,900.0,0.0,0.0159,2,100
P05,PSO_Binario,,100,,,30.0,0.9,2.0,2.0,4.0,2,43,900,900.0,0.0,0.0162,4,100
P05,PSO_Binario,,100,,,30.0,0.9,2.0,2.0,4.0,3,44,900,900.0,0.0,0.0158,4,100
P05,PSO_Binario,,100,,,30.0,0.9,2.0,2.0,4.0,4,45,900,900.0,0.0,0.0161,4,100
P05,PSO_Binario,,100,,,30.0,0.9,2.0,2.0,4.0,5,46,900,900.0,0.0,0.0159,5,100
P05,PSO_Binario,,100,,,30.0,0.9,2.0,2.0,6.0,1,42,900,900.0,0.0,0.0158,2,100
P05,PSO_Binario,,100,,,30.0,0.9,2.0,2.0,6.0,2,43,900,900.0,0.0,0.0163,4,100
P05,PSO_Binario,,100,,,30.0,0.9,2.0,2.0,6.0,3,44,900,900.0,0.0,0.0157,4,100
P05,PSO_Binario,,100,,,30.0,0.9,2.0,2.0,6.0,4,45,900,900.0,0.0,0.0159,3,100
P05,PSO_Binario,,100,,,30.0,0.9,2.0,2.0,6.0,5,46,900,900.0,0.0,0.0158,4,100
P05,PSO_Binario,,300,,,30.0,0.4,2.0,2.0,4.0,1,42,900,900.0,0.0,0.0517,2,300
P05,PSO_Binario,,300,,,30.0,0.4,2.0,2.0,4.0,2,43,900,900.0,0.0,0.0541,10,300
P05,PSO_Binario,,300,,,30.0,0.4,2.0,2.0,4.0,3,44,900,900.0,0.0,0.0515,1,300
P05,PSO_Binario,,300,,,30.0,0.4,2.0,2.0,4.0,4,45,900,900.0,0.0,0.0552,1,300
P05,PSO_Binario,,300,,,30.0,0.4,2.0,2.0,4.0,5,46,900,900.0,0.0,0.054,4,300
P05,PSO_Binario,,300,,,30.0,0.4,2.0,2.0,6.0,1,42,900,900.0,0.0,0.0535,2,300
P05,PSO_Binario,,300,,,30.0,0.4,2.0,2.0,6.0,2,43,900,900.0,0.0,0.0533,3,300
P05,PSO_Binario,,300,,,30.0,0.4,2.0,2.0,6.0,3,44,900,900.0,0.0,0.0511,3,300
P05,PSO_Binario,,300,,,30.0,0.4,2.0,2.0,6.0,4,45,900,900.0,0.0,0.0515,1,300
P05,PSO_Binario,,300,,,30.0,0.4,2.0,2.0,6.0,5,46,900,900.0,0.0,0.0516,10,300
P05,PSO_Binario,,300,,,30.0,0.7,2.0,2.0,4.0,1,42,900,900.0,0.0,0.052,7,300
P05,PSO_Binario,,300,,,30.0,0.7,2.0,2.0,4.0,2,43,900,900.0,0.0,0.0519,8,300
P05,PSO_Binario,,300,,,30.0,0.7,2.0,2.0,4.0,3,44,900,900.0,0.0,0.0521,7,300
P05,PSO_Binario,,300,,,30.0,0.7,2.0,2.0,4.0,4,45,900,900.0,0.0,0.0524,3,300
P05,PSO_Binario,,300,,,30.0,0.7,2.0,2.0,4.0,5,46,900,900.0,0.0,0.051,12,300
P05,PSO_Binario,,300,,,30.0,0.7,2.0,2.0,6.0,1,42,900,900.0,0.0,0.0511,2,300
P05,PSO_Binario,,300,,,30.0,0.7,2.0,2.0,6.0,2,43,900,900.0,0.0,0.0523,4,300
P05,PSO_Binario,,300,,,30.0,0.7,2.0,2.0,6.0,3,44,900,900.0,0.0,0.0514,7,300
P05,PSO_Binario,,300,,,30.0,0.7,2.0,2.0,6.0,4,45,900,900.0,0.0,0.0515,3,300
P05,PSO_Binario,,300,,,30.0,0.7,2.0,2.0,6.0,5,46,900,900.0,0.0,0.0521,18,300
P05,PSO_Binario,,300,,,30.0,0.9,2.0,2.0,4.0,1,42,900,900.0,0.0,0.0494,2,300
P05,PSO_Binario,,300,,,30.0,0.9,2.0,2.0,4.0,2,43,900,900.0,0.0,0.0487,4,300
P05,PSO_Binario,,300,,,30.0,0.9,2.0,2.0,4.0,3,44,900,900.0,0.0,0.048,4,300
P05,PSO_Binario,,300,,,30.0,0.9,2.0,2.0,4.0,4,45,900,900.0,0.0,0.0489,4,300
P05,PSO_Binario,,300,,,30.0,0.9,2.0,2.0,4.0,5,46,900,900.0,0.0,0.0467,5,300
P05,PSO_Binario,,300,,,30.0,0.9,2.0,2.0,6.0,1,42,900,900.0,0.0,0.0464,2,300
P05,PSO_Binario,,300,,,30.0,0.9,2.0,2.0,6.0,2,43,900,900.0,0.0,0.0465,4,300
P05,PSO_Binario,,300,,,30.0,0.9,2.0,2.0,6.0,3,44,900,900.0,0.0,0.0459,4,300
P05,PSO_Binario,,300,,,30.0,0.9,2.0,2.0,6.0,4,45,900,900.0,0.0,0.0492,3,300
P05,PSO_Binario,,300,,,30.0,0.9,2.0,2.0,6.0,5,46,900,900.0,0.0,0.0467,4,300
P05,PSO_Binario,,100,,,100.0,0.4,2.0,2.0,4.0,1,42,900,900.0,0.0,0.0556,1,100
P05,PSO_Binario,,100,,,100.0,0.4,2.0,2.0,4.0,2,43,900,900.0,0.0,0.0534,5,100
P05,PSO_Binario,,100,,,100.0,0.4,2.0,2.0,4.0,3,44,900,900.0,0.0,0.053,2,100
P05,PSO_Binario,,100,,,100.0,0.4,2.0,2.0,4.0,4,45,900,900.0,0.0,0.0532,0,100
P05,PSO_Binario,,100,,,100.0,0.4,2.0,2.0,4.0,5,46,900,900.0,0.0,0.0527,0,100
P05,PSO_Binario,,100,,,100.0,0.4,2.0,2.0,6.0,1,42,900,900.0,0.0,0.0523,1,100
P05,PSO_Binario,,100,,,100.0,0.4,2.0,2.0,6.0,2,43,900,900.0,0.0,0.0522,5,100
P05,PSO_Binario,,100,,,100.0,0.4,2.0,2.0,6.0,3,44,900,900.0,0.0,0.0519,2,100
P05,PSO_Binario,,100,,,100.0,0.4,2.0,2.0,6.0,4,45,900,900.0,0.0,0.0512,0,100
P05,PSO_Binario,,100,,,100.0,0.4,2.0,2.0,6.0,5,46,900,900.0,0.0,0.0516,0,100
P05,PSO_Binario,,100,,,100.0,0.7,2.0,2.0,4.0,1,42,900,900.0,0.0,0.0522,1,100
P05,PSO_Binario,,100,,,100.0,0.7,2.0,2.0,4.0,2,43,900,900.0,0.0,0.0532,7,100
P05,PSO_Binario,,100,,,100.0,0.7,2.0,2.0,4.0,3,44,900,900.0,0.0,0.0514,2,100
P05,PSO_Binario,,100,,,100.0,0.7,2.0,2.0,4.0,4,45,900,900.0,0.0,0.0513,0,100
P05,PSO_Binario,,100,,,100.0,0.7,2.0,2.0,4.0,5,46,900,900.0,0.0,0.0529,0,100
P05,PSO_Binario,,100,,,100.0,0.7,2.0,2.0,6.0,1,42,900,900.0,0.0,0.0515,1,100
P05,PSO_Binario,,100,,,100.0,0.7,2.0,2.0,6.0,2,43,900,900.0,0.0,0.0538,6,100
P05,PSO_Binario,,100,,,100.0,0.7,2.0,2.0,6.0,3,44,900,900.0,0.0,0.0518,1,100
P05,PSO_Binario,,100,,,100.0,0.7,2.0,2.0,6.0,4,45,900,900.0,0.0,0.0628,0,100
P05,PSO_Binario,,100,,,100.0,0.7,2.0,2.0,6.0,5,46,900,900.0,0.0,0.0518,0,100
P05,PSO_Binario,,100,,,100.0,0.9,2.0,2.0,4.0,1,42,900,900.0,0.0,0.0473,1,100
P05,PSO_Binario,,100,,,100.0,0.9,2.0,2.0,4.0,2,43,900,900.0,0.0,0.0488,5,100
P05,PSO_Binario,,100,,,100.0,0.9,2.0,2.0,4.0,3,44,900,900.0,0.0,0.046,1,100
P05,PSO_Binario,,100,,,100.0,0.9,2.0,2.0,4.0,4,45,900,900.0,0.0,0.0461,0,100
P05,PSO_Binario,,100,,,100.0,0.9,2.0,2.0,4.0,5,46,900,900.0,0.0,0.0449,0,100
P05,PSO_Binario,,100,,,100.0,0.9,2.0,2.0,6.0,1,42,900,900.0,0.0,0.0471,1,100
P05,PSO_Binario,,100,,,100.0,0.9,2.0,2.0,6.0,2,43,900,900.0,0.0,0.0476,6,100
P05,PSO_Binario,,100,,,100.0,0.9,2.0,2.0,6.0,3,44,900,900.0,0.0,0.0475,1,100
P05,PSO_Binario,,100,,,100.0,0.9,2.0,2.0,6.0,4,45,900,900.0,0.0,0.0451,0,100
P05,PSO_Binario,,100,,,100.0,0.9,2.0,2.0,6.0,5,46,900,900.0,0.0,0.0452,0,100
P05,PSO_Binario,,300,,,100.0,0.4,2.0,2.0,4.0,1,42,900,900.0,0.0,0.1719,1,300
P05,PSO_Binario,,300,,,100.0,0.4,2.0,2.0,4.0,2,43,900,900.0,0.0,0.1526,5,300
P05,PSO_Binario,,300,,,100.0,0.4,2.0,2.0,4.0,3,44,900,900.0,0.0,0.1526,2,300
P05,PSO_Binario,,300,,,100.0,0.4,2.0,2.0,4.0,4,45,900,900.0,0.0,0.1534,0,300
P05,PSO_Binario,,300,,,100.0,0.4,2.0,2.0,4.0,5,46,900,900.0,0.0,0.1512,0,300
P05,PSO_Binario,,300,,,100.0,0.4,2.0,2.0,6.0,1,42,900,900.0,0.0,0.1529,1,300
P05,PSO_Binario,,300,,,100.0,0.4,2.0,2.0,6.0,2,43,900,900.0,0.0,0.1718,5,300
P05,PSO_Binario,,300,,,100.0,0.4,2.0,2.0,6.0,3,44,900,900.0,0.0,0.1677,2,300
P05,PSO_Binario,,300,,,100.0,0.4,2.0,2.0,6.0,4,45,900,900.0,0.0,0.1515,0,300
P05,PSO_Binario,,300,,,100.0,0.4,2.0,2.0,6.0,5,46,900,900.0,0.0,0.1622,0,300
P05,PSO_Binario,,300,,,100.0,0.7,2.0,2.0,4.0,1,42,900,900.0,0.0,0.1509,1,300
P05,PSO_Binario,,300,,,100.0,0.7,2.0,2.0,4.0,2,43,900,900.0,0.0,0.1505,7,300
P05,PSO_Binario,,300,,,100.0,0.7,2.0,2.0,4.0,3,44,900,900.0,0.0,0.1525,2,300
P05,PSO_Binario,,300,,,100.0,0.7,2.0,2.0,4.0,4,45,900,900.0,0.0,0.1538,0,300
P05,PSO_Binario,,300,,,100.0,0.7,2.0,2.0,4.0,5,46,900,900.0,0.0,0.1495,0,300
P05,PSO_Binario,,300,,,100.0,0.7,2.0,2.0,6.0,1,42,900,900.0,0.0,0.1514,1,300
P05,PSO_Binario,,300,,,100.0,0.7,2.0,2.0,6.0,2,43,900,900.0,0.0,0.219,6,300
P05,PSO_Binario,,300,,,100.0,0.7,2.0,2.0,6.0,3,44,900,900.0,0.0,0.1637,1,300
P05,PSO_Binario,,300,,,100.0,0.7,2.0,2.0,6.0,4,45,900,900.0,0.0,0.1726,0,300
P05,PSO_Binario,,300,,,100.0,0.7,2.0,2.0,6.0,5,46,900,900.0,0.0,0.15,0,300
P05,PSO_Binario,,300,,,100.0,0.9,2.0,2.0,4.0,1,42,900,900.0,0.0,0.1501,1,300
P05,PSO_Binario,,300,,,100.0,0.9,2.0,2.0,4.0,2,43,900,900.0,0.0,0.1357,5,300
P05,PSO_Binario,,300,,,100.0,0.9,2.0,2.0,4.0,3,44,900,900.0,0.0,0.1351,1,300
P05,PSO_Binario,,300,,,100.0,0.9,2.0,2.0,4.0,4,45,900,900.0,0.0,0.1322,0,300
P05,PSO_Binario,,300,,,100.0,0.9,2.0,2.0,4.0,5,46,900,900.0,0.0,0.134,0,300
P05,PSO_Binario,,300,,,100.0,0.9,2.0,2.0,6.0,1,42,900,900.0,0.0,0.1339,1,300
P05,PSO_Binario,,300,,,100.0,0.9,2.0,2.0,6.0,2,43,900,900.0,0.0,0.1539,6,300
P05,PSO_Binario,,300,,,100.0,0.9,2.0,2.0,6.0,3,44,900,900.0,0.0,0.1355,1,300
P05,PSO_Binario,,300,,,100.0,0.9,2.0,2.0,6.0,4,45,900,900.0,0.0,0.1304,0,300
P05,PSO_Binario,,300,,,100.0,0.9,2.0,2.0,6.0,5,46,900,900.0,0.0,0.1401,0,300
P06,BuscaTabu,10.0,500,100.0,flip,,,,,,1,42,1735,1735.0,0.0,0.0016,4,104
P06,BuscaTabu,10.0,500,100.0,flip,,,,,,2,43,1735,1735.0,0.0,0.0016,4,104
P06,BuscaTabu,10.0,500,100.0,flip,,,,,,3,44,1735,1735.0,0.0,0.0015,4,104
P06,BuscaTabu,10.0,500,100.0,flip,,,,,,4,45,1735,1735.0,0.0,0.0019,4,104
P06,BuscaTabu,10.0,500,100.0,flip,,,,,,5,46,1735,1735.0,0.0,0.0018,4,104
P06,BuscaTabu,10.0,500,100.0,swap,,,,,,1,42,1735,1735.0,0.0,0.0043,2,102
P06,BuscaTabu,10.0,500,100.0,swap,,,,,,2,43,1735,1735.0,0.0,0.0043,2,102
P06,BuscaTabu,10.0,500,100.0,swap,,,,,,3,44,1735,1735.0,0.0,0.0041,2,102
P06,BuscaTabu,10.0,500,100.0,swap,,,,,,4,45,1735,1735.0,0.0,0.0038,2,102
P06,BuscaTabu,10.0,500,100.0,swap,,,,,,5,46,1735,1735.0,0.0,0.0043,2,102
P06,BuscaTabu,10.0,1000,100.0,flip,,,,,,1,42,1735,1735.0,0.0,0.0014,4,104
P06,BuscaTabu,10.0,1000,100.0,flip,,,,,,2,43,1735,1735.0,0.0,0.0013,4,104
P06,BuscaTabu,10.0,1000,100.0,flip,,,,,,3,44,1735,1735.0,0.0,0.0015,4,104
P06,BuscaTabu,10.0,1000,100.0,flip,,,,,,4,45,1735,1735.0,0.0,0.0016,4,104
P06,BuscaTabu,10.0,1000,100.0,flip,,,,,,5,46,1735,1735.0,0.0,0.0014,4,104
P06,BuscaTabu,10.0,1000,100.0,swap,,,,,,1,42,1735,1735.0,0.0,0.0028,2,102
P06,BuscaTabu,10.0,1000,100.0,swap,,,,,,2,43,1735,1735.0,0.0,0.0027,2,102
P06,BuscaTabu,10.0,1000,100.0,swap,,,,,,3,44,1735,1735.0,0.0,0.0029,2,102
P06,BuscaTabu,10.0,1000,100.0,swap,,,,,,4,45,1735,1735.0,0.0,0.0029,2,102
P06,BuscaTabu,10.0,1000,100.0,swap,,,,,,5,46,1735,1735.0,0.0,0.0029,2,102
P06,BuscaTabu,20.0,500,100.0,flip,,,,,,1,42,1735,1735.0,0.0,0.0013,4,104
P06,BuscaTabu,20.0,500,100.0,flip,,,,,,2,43,1735,1735.0,0.0,0.0017,4,104
P06,BuscaTabu,20.0,500,100.0,flip,,,,,,3,44,1735,1735.0,0.0,0.0013,4,104
P06,BuscaTabu,20.0,500,100.0,flip,,,,,,4,45,1735,1735.0,0.0,0.0013,4,104
P06,BuscaTabu,20.0,500,100.0,flip,,,,,,5,46,1735,1735.0,0.0,0.0013,4,104
P06,BuscaTabu,20.0,500,100.0,swap,,,,,,1,42,1735,1735.0,0.0,0.003,2,102
P06,BuscaTabu,20.0,500,100.0,swap,,,,,,2,43,1735,1735.0,0.0,0.0029,2,102
P06,BuscaTabu,20.0,500,100.0,swap,,,,,,3,44,1735,1735.0,0.0,0.0029,2,102
P06,BuscaTabu,20.0,500,100.0,swap,,,,,,4,45,1735,1735.0,0.0,0.003,2,102
P06,BuscaTabu,20.0,500,100.0,swap,,,,,,5,46,1735,1735.0,0.0,0.0029,2,102
P06,BuscaTabu,20.0,1000,100.0,flip,,,,,,1,42,1735,1735.0,0.0,0.0018,4,104
P06,BuscaTabu,20.0,1000,100.0,flip,,,,,,2,43,1735,1735.0,0.0,0.0014,4,104
P06,BuscaTabu,20.0,1000,100.0,flip,,,,,,3,44,1735,1735.0,0.0,0.0015,4,104
P06,BuscaTabu,20.0,1000,100.0,flip,,,,,,4,45,1735,1735.0,0.0,0.0018,4,104
P06,BuscaTabu,20.0,1000,100.0,flip,,,,,,5,46,1735,1735.0,0.0,0.0019,4,104
P06,BuscaTabu,20.0,1000,100.0,swap,,,,,,1,42,1735,1735.0,0.0,0.0038,2,102
P06,BuscaTabu,20.0,1000,100.0,swap,,,,,,2,43,1735,1735.0,0.0,0.0033,2,102
P06,BuscaTabu,20.0,1000,100.0,swap,,,,,,3,44,1735,1735.0,0.0,0.0029,2,102
P06,BuscaTabu,20.0,1000,100.0,swap,,,,,,4,45,1735,1735.0,0.0,0.0035,2,102
P06,BuscaTabu,20.0,1000,100.0,swap,,,,,,5,46,1735,1735.0,0.0,0.0029,2,102
P06,PSO_Binario,,100,,,30.0,0.4,2.0,2.0,4.0,1,42,1735,1735.0,0.0,0.0294,1,100
P06,PSO_Binario,,100,,,30.0,0.4,2.0,2.0,4.0,2,43,1735,1735.0,0.0,0.0246,1,100
P06,PSO_Binario,,100,,,30.0,0.4,2.0,2.0,4.0,3,44,1735,1735.0,0.0,0.0246,1,100
P06,PSO_Binario,,100,,,30.0,0.4,2.0,2.0,4.0,4,45,1735,1735.0,0.0,0.0246,0,100
P06,PSO_Binario,,100,,,30.0,0.4,2.0,2.0,4.0,5,46,1735,1735.0,0.0,0.0241,0,100
P06,PSO_Binario,,100,,,30.0,0.4,2.0,2.0,6.0,1,42,1735,1735.0,0.0,0.0268,1,100
P06,PSO_Binario,,100,,,30.0,0.4,2.0,2.0,6.0,2,43,1735,1735.0,0.0,0.0238,2,100
P06,PSO_Binario,,100,,,30.0,0.4,2.0,2.0,6.0,3,44,1735,1735.0,0.0,0.024,1,100
P06,PSO_Binario,,100,,,30.0,0.4,2.0,2.0,6.0,4,45,1735,1735.0,0.0,0.0243,0,100
P06,PSO_Binario,,100,,,30.0,0.4,2.0,2.0,6.0,5,46,1735,1735.0,0.0,0.0239,0,100
P06,PSO_Binario,,100,,,30.0,0.7,2.0,2.0,4.0,1,42,1735,1735.0,0.0,0.0243,1,100
P06,PSO_Binario,,100,,,30.0,0.7,2.0,2.0,4.0,2,43,1735,1735.0,0.0,0.0251,2,100
P06,PSO_Binario,,100,,,30.0,0.7,2.0,2.0,4.0,3,44,1735,1735.0,0.0,0.024,1,100
P06,PSO_Binario,,100,,,30.0,0.7,2.0,2.0,4.0,4,45,1735,1735.0,0.0,0.0251,0,100
P06,PSO_Binario,,100,,,30.0,0.7,2.0,2.0,4.0,5,46,1735,1735.0,0.0,0.024,0,100
P06,PSO_Binario,,100,,,30.0,0.7,2.0,2.0,6.0,1,42,1735,1735.0,0.0,0.0247,1,100
P06,PSO_Binario,,100,,,30.0,0.7,2.0,2.0,6.0,2,43,1735,1735.0,0.0,0.0249,2,100
P06,PSO_Binario,,100,,,30.0,0.7,2.0,2.0,6.0,3,44,1735,1735.0,0.0,0.025,2,100
P06,PSO_Binario,,100,,,30.0,0.7,2.0,2.0,6.0,4,45,1735,1735.0,0.0,0.0241,0,100
P06,PSO_Binario,,100,,,30.0,0.7,2.0,2.0,6.0,5,46,1735,1735.0,0.0,0.0243,0,100
P06,PSO_Binario,,100,,,30.0,0.9,2.0,2.0,4.0,1,42,1735,1735.0,0.0,0.0239,1,100
P06,PSO_Binario,,100,,,30.0,0.9,2.0,2.0,4.0,2,43,1735,1735.0,0.0,0.0236,2,100
P06,PSO_Binario,,100,,,30.0,0.9,2.0,2.0,4.0,3,44,1735,1735.0,0.0,0.0234,1,100
P06,PSO_Binario,,100,,,30.0,0.9,2.0,2.0,4.0,4,45,1735,1735.0,0.0,0.0241,0,100
P06,PSO_Binario,,100,,,30.0,0.9,2.0,2.0,4.0,5,46,1735,1735.0,0.0,0.0236,0,100
P06,PSO_Binario,,100,,,30.0,0.9,2.0,2.0,6.0,1,42,1735,1735.0,0.0,0.024,1,100
P06,PSO_Binario,,100,,,30.0,0.9,2.0,2.0,6.0,2,43,1735,1735.0,0.0,0.0253,2,100
P06,PSO_Binario,,100,,,30.0,0.9,2.0,2.0,6.0,3,44,1735,1735.0,0.0,0.0241,2,100
P06,PSO_Binario,,100,,,30.0,0.9,2.0,2.0,6.0,4,45,1735,1735.0,0.0,0.0247,0,100
P06,PSO_Binario,,100,,,30.0,0.9,2.0,2.0,6.0,5,46,1735,1735.0,0.0,0.0239,0,100
P06,PSO_Binario,,300,,,30.0,0.4,2.0,2.0,4.0,1,42,1735,1735.0,0.0,0.0888,1,300
P06,PSO_Binario,,300,,,30.0,0.4,2.0,2.0,4.0,2,43,1735,1735.0,0.0,0.0727,1,300
P06,PSO_Binario,,300,,,30.0,0.4,2.0,2.0,4.0,3,44,1735,1735.0,0.0,0.0729,1,300
P06,PSO_Binario,,300,,,30.0,0.4,2.0,2.0,4.0,4,45,1735,1735.0,0.0,0.0706,0,300
P06,PSO_Binario,,300,,,30.0,0.4,2.0,2.0,4.0,5,46,1735,1735.0,0.0,0.0727,0,300
P06,PSO_Binario,,300,,,30.0,0.4,2.0,2.0,6.0,1,42,1735,1735.0,0.0,0.0726,1,300
P06,PSO_Binario,,300,,,30.0,0.4,2.0,2.0,6.0,2,43,1735,1735.0,0.0,0.0725,2,300
P06,PSO_Binario,,300,,,30.0,0.4,2.0,2.0,6.0,3,44,1735,1735.0,0.0,0.0732,1,300
P06,PSO_Binario,,300,,,30.0,0.4,2.0,2.0,6.0,4,45,1735,1735.0,0.0,0.0761,0,300
P06,PSO_Binario,,300,,,30.0,0.4,2.0,2.0,6.0,5,46,1735,1735.0,0.0,0.0752,0,300
P06,PSO_Binario,,300,,,30.0,0.7,2.0,2.0,4.0,1,42,1735,1735.0,0.0,0.0882,1,300
P06,PSO_Binario,,300,,,30.0,0.7,2.0,2.0,4.0,2,43,1735,1735.0,0.0,0.0784,2,300
P06,PSO_Binario,,300,,,30.0,0.7,2.0,2.0,4.0,3,44,1735,1735.0,0.0,0.0759,1,300
P06,PSO_Binario,,300,,,30.0,0.7,2.0,2.0,4.0,4,45,1735,1735.0,0.0,0.0752,0,300
P06,PSO_Binario,,300,,,30.0,0.7,2.0,2.0,4.0,5,46,1735,1735.0,0.0,0.0752,0,300
P06,PSO_Binario,,300,,,30.0,0.7,2.0,2.0,6.0,1,42,1735,1735.0,0.0,0.0731,1,300
P06,PSO_Binario,,300,,,30.0,0.7,2.0,2.0,6.0,2,43,1735,1735.0,0.0,0.0739,2,300
P06,PSO_Binario,,300,,,30.0,0.7,2.0,2.0,6.0,3,44,1735,1735.0,0.0,0.0729,2,300
P06,PSO_Binario,,300,,,30.0,0.7,2.0,2.0,6.0,4,45,1735,1735.0,0.0,0.0735,0,300
P06,PSO_Binario,,300,,,30.0,0.7,2.0,2.0,6.0,5,46,1735,1735.0,0.0,0.0721,0,300
P06,PSO_Binario,,300,,,30.0,0.9,2.0,2.0,4.0,1,42,1735,1735.0,0.0,0.0809,1,300
P06,PSO_Binario,,300,,,30.0,0.9,2.0,2.0,4.0,2,43,1735,1735.0,0.0,0.0775,2,300
P06,PSO_Binario,,300,,,30.0,0.9,2.0,2.0,4.0,3,44,1735,1735.0,0.0,0.0803,1,300
P06,PSO_Binario,,300,,,30.0,0.9,2.0,2.0,4.0,4,45,1735,1735.0,0.0,0.07,0,300
P06,PSO_Binario,,300,,,30.0,0.9,2.0,2.0,4.0,5,46,1735,1735.0,0.0,0.0697,0,300
P06,PSO_Binario,,300,,,30.0,0.9,2.0,2.0,6.0,1,42,1735,1735.0,0.0,0.071,1,300
P06,PSO_Binario,,300,,,30.0,0.9,2.0,2.0,6.0,2,43,1735,1735.0,0.0,0.071,2,300
P06,PSO_Binario,,300,,,30.0,0.9,2.0,2.0,6.0,3,44,1735,1735.0,0.0,0.0746,2,300
P06,PSO_Binario,,300,,,30.0,0.9,2.0,2.0,6.0,4,45,1735,1735.0,0.0,0.0717,0,300
P06,PSO_Binario,,300,,,30.0,0.9,2.0,2.0,6.0,5,46,1735,1735.0,0.0,0.0721,0,300
P06,PSO_Binario,,100,,,100.0,0.4,2.0,2.0,4.0,1,42,1735,1735.0,0.0,0.0733,0,100
P06,PSO_Binario,,100,,,100.0,0.4,2.0,2.0,4.0,2,43,1735,1735.0,0.0,0.0742,1,100
P06,PSO_Binario,,100,,,100.0,0.4,2.0,2.0,4.0,3,44,1735,1735.0,0.0,0.075,0,100
P06,PSO_Binario,,100,,,100.0,0.4,2.0,2.0,4.0,4,45,1735,1735.0,0.0,0.0723,1,100
P06,PSO_Binario,,100,,,100.0,0.4,2.0,2.0,4.0,5,46,1735,1735.0,0.0,0.0763,0,100
P06,PSO_Binario,,100,,,100.0,0.4,2.0,2.0,6.0,1,42,1735,1735.0,0.0,0.0741,0,100
P06,PSO_Binario,,100,,,100.0,0.4,2.0,2.0,6.0,2,43,1735,1735.0,0.0,0.0761,1,100
P06,PSO_Binario,,100,,,100.0,0.4,2.0,2.0,6.0,3,44,1735,1735.0,0.0,0.0744,0,100
P06,PSO_Binario,,100,,,100.0,0.4,2.0,2.0,6.0,4,45,1735,1735.0,0.0,0.0737,1,100
P06,PSO_Binario,,100,,,100.0,0.4,2.0,2.0,6.0,5,46,1735,1735.0,0.0,0.0726,0,100
P06,PSO_Binario,,100,,,100.0,0.7,2.0,2.0,4.0,1,42,1735,1735.0,0.0,0.0746,0,100
P06,PSO_Binario,,100,,,100.0,0.7,2.0,2.0,4.0,2,43,1735,1735.0,0.0,0.0791,1,100
P06,PSO_Binario,,100,,,100.0,0.7,2.0,2.0,4.0,3,44,1735,1735.0,0.0,0.0768,0,100
P06,PSO_Binario,,100,,,100.0,0.7,2.0,2.0,4.0,4,45,1735,1735.0,0.0,0.0747,1,100
P06,PSO_Binario,,100,,,100.0,0.7,2.0,2.0,4.0,5,46,1735,1735.0,0.0,0.0762,0,100
P06,PSO_Binario,,100,,,100.0,0.7,2.0,2.0,6.0,1,42,1735,1735.0,0.0,0.0744,0,100
P06,PSO_Binario,,100,,,100.0,0.7,2.0,2.0,6.0,2,43,1735,1735.0,0.0,0.0745,1,100
P06,PSO_Binario,,100,,,100.0,0.7,2.0,2.0,6.0,3,44,1735,1735.0,0.0,0.0765,0,100
P06,PSO_Binario,,100,,,100.0,0.7,2.0,2.0,6.0,4,45,1735,1735.0,0.0,0.0778,1,100
P06,PSO_Binario,,100,,,100.0,0.7,2.0,2.0,6.0,5,46,1735,1735.0,0.0,0.0751,0,100
P06,PSO_Binario,,100,,,100.0,0.9,2.0,2.0,4.0,1,42,1735,1735.0,0.0,0.0726,0,100
P06,PSO_Binario,,100,,,100.0,0.9,2.0,2.0,4.0,2,43,1735,1735.0,0.0,0.0738,1,100
P06,PSO_Binario,,100,,,100.0,0.9,2.0,2.0,4.0,3,44,1735,1735.0,0.0,0.072,0,100
P06,PSO_Binario,,100,,,100.0,0.9,2.0,2.0,4.0,4,45,1735,1735.0,0.0,0.0716,1,100
P06,PSO_Binario,,100,,,100.0,0.9,2.0,2.0,4.0,5,46,1735,1735.0,0.0,0.0741,0,100
P06,PSO_Binario,,100,,,100.0,0.9,2.0,2.0,6.0,1,42,1735,1735.0,0.0,0.0734,0,100
P06,PSO_Binario,,100,,,100.0,0.9,2.0,2.0,6.0,2,43,1735,1735.0,0.0,0.0732,1,100
P06,PSO_Binario,,100,,,100.0,0.9,2.0,2.0,6.0,3,44,1735,1735.0,0.0,0.0739,0,100
P06,PSO_Binario,,100,,,100.0,0.9,2.0,2.0,6.0,4,45,1735,1735.0,0.0,0.0733,1,100
P06,PSO_Binario,,100,,,100.0,0.9,2.0,2.0,6.0,5,46,1735,1735.0,0.0,0.072,0,100
P06,PSO_Binario,,300,,,100.0,0.4,2.0,2.0,4.0,1,42,1735,1735.0,0.0,0.2269,0,300
P06,PSO_Binario,,300,,,100.0,0.4,2.0,2.0,4.0,2,43,1735,1735.0,0.0,0.216,1,300
P06,PSO_Binario,,300,,,100.0,0.4,2.0,2.0,4.0,3,44,1735,1735.0,0.0,0.2204,0,300
P06,PSO_Binario,,300,,,100.0,0.4,2.0,2.0,4.0,4,45,1735,1735.0,0.0,0.218,1,300
P06,PSO_Binario,,300,,,100.0,0.4,2.0,2.0,4.0,5,46,1735,1735.0,0.0,0.2171,0,300
P06,PSO_Binario,,300,,,100.0,0.4,2.0,2.0,6.0,1,42,1735,1735.0,0.0,0.2247,0,300
P06,PSO_Binario,,300,,,100.0,0.4,2.0,2.0,6.0,2,43,1735,1735.0,0.0,0.2212,1,300
P06,PSO_Binario,,300,,,100.0,0.4,2.0,2.0,6.0,3,44,1735,1735.0,0.0,0.2268,0,300
P06,PSO_Binario,,300,,,100.0,0.4,2.0,2.0,6.0,4,45,1735,1735.0,0.0,0.22,1,300
P06,PSO_Binario,,300,,,100.0,0.4,2.0,2.0,6.0,5,46,1735,1735.0,0.0,0.2174,0,300
P06,PSO_Binario,,300,,,100.0,0.7,2.0,2.0,4.0,1,42,1735,1735.0,0.0,0.2242,0,300
P06,PSO_Binario,,300,,,100.0,0.7,2.0,2.0,4.0,2,43,1735,1735.0,0.0,0.2385,1,300
P06,PSO_Binario,,300,,,100.0,0.7,2.0,2.0,4.0,3,44,1735,1735.0,0.0,0.2192,0,300
P06,PSO_Binario,,300,,,100.0,0.7,2.0,2.0,4.0,4,45,1735,1735.0,0.0,0.2198,1,300
P06,PSO_Binario,,300,,,100.0,0.7,2.0,2.0,4.0,5,46,1735,1735.0,0.0,0.2215,0,300
P06,PSO_Binario,,300,,,100.0,0.7,2.0,2.0,6.0,1,42,1735,1735.0,0.0,0.2203,0,300
P06,PSO_Binario,,300,,,100.0,0.7,2.0,2.0,6.0,2,43,1735,1735.0,0.0,0.2216,1,300
P06,PSO_Binario,,300,,,100.0,0.7,2.0,2.0,6.0,3,44,1735,1735.0,0.0,0.2185,0,300
P06,PSO_Binario,,300,,,100.0,0.7,2.0,2.0,6.0,4,45,1735,1735.0,0.0,0.222,1,300
P06,PSO_Binario,,300,,,100.0,0.7,2.0,2.0,6.0,5,46,1735,1735.0,0.0,0.2206,0,300
P06,PSO_Binario,,300,,,100.0,0.9,2.0,2.0,4.0,1,42,1735,1735.0,0.0,0.2144,0,300
P06,PSO_Binario,,300,,,100.0,0.9,2.0,2.0,4.0,2,43,1735,1735.0,0.0,0.2195,1,300
P06,PSO_Binario,,300,,,100.0,0.9,2.0,2.0,4.0,3,44,1735,1735.0,0.0,0.2097,0,300
P06,PSO_Binario,,300,,,100.0,0.9,2.0,2.0,4.0,4,45,1735,1735.0,0.0,0.2128,1,300
P06,PSO_Binario,,300,,,100.0,0.9,2.0,2.0,4.0,5,46,1735,1735.0,0.0,0.2114,0,300
P06,PSO_Binario,,300,,,100.0,0.9,2.0,2.0,6.0,1,42,1735,1735.0,0.0,0.2184,0,300
P06,PSO_Binario,,300,,,100.0,0.9,2.0,2.0,6.0,2,43,1735,1735.0,0.0,0.2172,1,300
P06,PSO_Binario,,300,,,100.0,0.9,2.0,2.0,6.0,3,44,1735,1735.0,0.0,0.2177,0,300
P06,PSO_Binario,,300,,,100.0,0.9,2.0,2.0,6.0,4,45,1735,1735.0,0.0,0.2182,1,300
P06,PSO_Binario,,300,,,100.0,0.9,2.0,2.0,6.0,5,46,1735,1735.0,0.0,0.2177,0,300
P07,BuscaTabu,10.0,500,100.0,flip,,,,,,1,42,1456,1458.0,0.1371742112482853,0.0035,2,102
P07,BuscaTabu,10.0,500,100.0,flip,,,,,,2,43,1456,1458.0,0.1371742112482853,0.0037,2,102
P07,BuscaTabu,10.0,500,100.0,flip,,,,,,3,44,1456,1458.0,0.1371742112482853,0.0037,2,102
P07,BuscaTabu,10.0,500,100.0,flip,,,,,,4,45,1456,1458.0,0.1371742112482853,0.0025,2,102
P07,BuscaTabu,10.0,500,100.0,flip,,,,,,5,46,1456,1458.0,0.1371742112482853,0.0026,2,102
P07,BuscaTabu,10.0,500,100.0,swap,,,,,,1,42,1458,1458.0,0.0,0.0079,1,101
P07,BuscaTabu,10.0,500,100.0,swap,,,,,,2,43,1458,1458.0,0.0,0.0081,1,101
P07,BuscaTabu,10.0,500,100.0,swap,,,,,,3,44,1458,1458.0,0.0,0.008,1,101
P07,BuscaTabu,10.0,500,100.0,swap,,,,,,4,45,1458,1458.0,0.0,0.0078,1,101
P07,BuscaTabu,10.0,500,100.0,swap,,,,,,5,46,1458,1458.0,0.0,0.0079,1,101
P07,BuscaTabu,10.0,1000,100.0,flip,,,,,,1,42,1456,1458.0,0.1371742112482853,0.0025,2,102
P07,BuscaTabu,10.0,1000,100.0,flip,,,,,,2,43,1456,1458.0,0.1371742112482853,0.0024,2,102
P07,BuscaTabu,10.0,1000,100.0,flip,,,,,,3,44,1456,1458.0,0.1371742112482853,0.0024,2,102
P07,BuscaTabu,10.0,1000,100.0,flip,,,,,,4,45,1456,1458.0,0.1371742112482853,0.0039,2,102
P07,BuscaTabu,10.0,1000,100.0,flip,,,,,,5,46,1456,1458.0,0.1371742112482853,0.0027,2,102
P07,BuscaTabu,10.0,1000,100.0,swap,,,,,,1,42,1458,1458.0,0.0,0.0078,1,101
P07,BuscaTabu,10.0,1000,100.0,swap,,,,,,2,43,1458,1458.0,0.0,0.0079,1,101
P07,BuscaTabu,10.0,1000,100.0,swap,,,,,,3,44,1458,1458.0,0.0,0.0085,1,101
P07,BuscaTabu,10.0,1000,100.0,swap,,,,,,4,45,1458,1458.0,0.0,0.0081,1,101
P07,BuscaTabu,10.0,1000,100.0,swap,,,,,,5,46,1458,1458.0,0.0,0.0079,1,101
P07,BuscaTabu,20.0,500,100.0,flip,,,,,,1,42,1456,1458.0,0.1371742112482853,0.0025,2,102
P07,BuscaTabu,20.0,500,100.0,flip,,,,,,2,43,1456,1458.0,0.1371742112482853,0.0025,2,102
P07,BuscaTabu,20.0,500,100.0,flip,,,,,,3,44,1456,1458.0,0.1371742112482853,0.0026,2,102
P07,BuscaTabu,20.0,500,100.0,flip,,,,,,4,45,1456,1458.0,0.1371742112482853,0.0025,2,102
P07,BuscaTabu,20.0,500,100.0,flip,,,,,,5,46,1456,1458.0,0.1371742112482853,0.0024,2,102
P07,BuscaTabu,20.0,500,100.0,swap,,,,,,1,42,1458,1458.0,0.0,0.0078,1,101
P07,BuscaTabu,20.0,500,100.0,swap,,,,,,2,43,1458,1458.0,0.0,0.0079,1,101
P07,BuscaTabu,20.0,500,100.0,swap,,,,,,3,44,1458,1458.0,0.0,0.0079,1,101
P07,BuscaTabu,20.0,500,100.0,swap,,,,,,4,45,1458,1458.0,0.0,0.0079,1,101
P07,BuscaTabu,20.0,500,100.0,swap,,,,,,5,46,1458,1458.0,0.0,0.0078,1,101
P07,BuscaTabu,20.0,1000,100.0,flip,,,,,,1,42,1456,1458.0,0.1371742112482853,0.0031,2,102
P07,BuscaTabu,20.0,1000,100.0,flip,,,,,,2,43,1456,1458.0,0.1371742112482853,0.0029,2,102
P07,BuscaTabu,20.0,1000,100.0,flip,,,,,,3,44,1456,1458.0,0.1371742112482853,0.0036,2,102
P07,BuscaTabu,20.0,1000,100.0,flip,,,,,,4,45,1456,1458.0,0.1371742112482853,0.0037,2,102
P07,BuscaTabu,20.0,1000,100.0,flip,,,,,,5,46,1456,1458.0,0.1371742112482853,0.0034,2,102
P07,BuscaTabu,20.0,1000,100.0,swap,,,,,,1,42,1458,1458.0,0.0,0.0086,1,101
P07,BuscaTabu,20.0,1000,100.0,swap,,,,,,2,43,1458,1458.0,0.0,0.0218,1,101
P07,BuscaTabu,20.0,1000,100.0,swap,,,,,,3,44,1458,1458.0,0.0,0.0082,1,101
P07,BuscaTabu,20.0,1000,100.0,swap,,,,,,4,45,1458,1458.0,0.0,0.0081,1,101
P07,BuscaTabu,20.0,1000,100.0,swap,,,,,,5,46,1458,1458.0,0.0,0.0079,1,101
P07,PSO_Binario,,100,,,30.0,0.4,2.0,2.0,4.0,1,42,1458,1458.0,0.0,0.0288,1,100
P07,PSO_Binario,,100,,,30.0,0.4,2.0,2.0,4.0,2,43,1458,1458.0,0.0,0.0245,16,100
P07,PSO_Binario,,100,,,30.0,0.4,2.0,2.0,4.0,3,44,1458,1458.0,0.0,0.0254,2,100
P07,PSO_Binario,,100,,,30.0,0.4,2.0,2.0,4.0,4,45,1454,1458.0,0.2743484224965706,0.0245,79,100
P07,PSO_Binario,,100,,,30.0,0.4,2.0,2.0,4.0,5,46,1458,1458.0,0.0,0.0245,72,100
P07,PSO_Binario,,100,,,30.0,0.4,2.0,2.0,6.0,1,42,1458,1458.0,0.0,0.0243,1,100
P07,PSO_Binario,,100,,,30.0,0.4,2.0,2.0,6.0,2,43,1458,1458.0,0.0,0.0241,16,100
P07,PSO_Binario,,100,,,30.0,0.4,2.0,2.0,6.0,3,44,1458,1458.0,0.0,0.025,3,100
P07,PSO_Binario,,100,,,30.0,0.4,2.0,2.0,6.0,4,45,1458,1458.0,0.0,0.0246,51,100
P07,PSO_Binario,,100,,,30.0,0.4,2.0,2.0,6.0,5,46,1458,1458.0,0.0,0.0244,72,100
P07,PSO_Binario,,100,,,30.0,0.7,2.0,2.0,4.0,1,42,1458,1458.0,0.0,0.0257,1,100
P07,PSO_Binario,,100,,,30.0,0.7,2.0,2.0,4.0,2,43,1458,1458.0,0.0,0.0271,16,100
P07,PSO_Binario,,100,,,30.0,0.7,2.0,2.0,4.0,3,44,1458,1458.0,0.0,0.0273,8,100
P07,PSO_Binario,,100,,,30.0,0.7,2.0,2.0,4.0,4,45,1458,1458.0,0.0,0.0264,46,100
P07,PSO_Binario,,100,,,30.0,0.7,2.0,2.0,4.0,5,46,1458,1458.0,0.0,0.0263,39,100
P07,PSO_Binario,,100,,,30.0,0.7,2.0,2.0,6.0,1,42,1458,1458.0,0.0,0.0256,1,100
P07,PSO_Binario,,100,,,30.0,0.7,2.0,2.0,6.0,2,43,1458,1458.0,0.0,0.0302,82,100
P07,PSO_Binario,,100,,,30.0,0.7,2.0,2.0,6.0,3,44,1458,1458.0,0.0,0.0272,9,100
P07,PSO_Binario,,100,,,30.0,0.7,2.0,2.0,6.0,4,45,1458,1458.0,0.0,0.0255,22,100
P07,PSO_Binario,,100,,,30.0,0.7,2.0,2.0,6.0,5,46,1458,1458.0,0.0,0.0267,99,100
P07,PSO_Binario,,100,,,30.0,0.9,2.0,2.0,4.0,1,42,1458,1458.0,0.0,0.0264,1,100
P07,PSO_Binario,,100,,,30.0,0.9,2.0,2.0,4.0,2,43,1458,1458.0,0.0,0.0276,5,100
P07,PSO_Binario,,100,,,30.0,0.9,2.0,2.0,4.0,3,44,1458,1458.0,0.0,0.0282,6,100
P07,PSO_Binario,,100,,,30.0,0.9,2.0,2.0,4.0,4,45,1453,1458.0,0.3429355281207133,0.0311,27,100
P07,PSO_Binario,,100,,,30.0,0.9,2.0,2.0,4.0,5,46,1454,1458.0,0.2743484224965706,0.0286,95,100
P07,PSO_Binario,,100,,,30.0,0.9,2.0,2.0,6.0,1,42,1458,1458.0,0.0,0.029,1,100
P07,PSO_Binario,,100,,,30.0,0.9,2.0,2.0,6.0,2,43,1450,1458.0,0.5486968449931412,0.0324,10,100
P07,PSO_Binario,,100,,,30.0,0.9,2.0,2.0,6.0,3,44,1458,1458.0,0.0,0.028,5,100
P07,PSO_Binario,,100,,,30.0,0.9,2.0,2.0,6.0,4,45,1453,1458.0,0.3429355281207133,0.0279,5,100
P07,PSO_Binario,,100,,,30.0,0.9,2.0,2.0,6.0,5,46,1451,1458.0,0.48010973936899864,0.0275,37,100
P07,PSO_Binario,,300,,,30.0,0.4,2.0,2.0,4.0,1,42,1458,1458.0,0.0,0.0731,1,300
P07,PSO_Binario,,300,,,30.0,0.4,2.0,2.0,4.0,2,43,1458,1458.0,0.0,0.0731,16,300
P07,PSO_Binario,,300,,,30.0,0.4,2.0,2.0,4.0,3,44,1458,1458.0,0.0,0.0715,2,300
P07,PSO_Binario,,300,,,30.0,0.4,2.0,2.0,4.0,4,45,1458,1458.0,0.0,0.0809,185,300
P07,PSO_Binario,,300,,,30.0,0.4,2.0,2.0,4.0,5,46,1458,1458.0,0.0,0.076,72,300
P07,PSO_Binario,,300,,,30.0,0.4,2.0,2.0,6.0,1,42,1458,1458.0,0.0,0.073,1,300
P07,PSO_Binario,,300,,,30.0,0.4,2.0,2.0,6.0,2,43,1458,1458.0,0.0,0.0757,16,300
P07,PSO_Binario,,300,,,30.0,0.4,2.0,2.0,6.0,3,44,1458,1458.0,0.0,0.0727,3,300
P07,PSO_Binario,,300,,,30.0,0.4,2.0,2.0,6.0,4,45,1458,1458.0,0.0,0.0756,51,300
P07,PSO_Binario,,300,,,30.0,0.4,2.0,2.0,6.0,5,46,1458,1458.0,0.0,0.0712,72,300
P07,PSO_Binario,,300,,,30.0,0.7,2.0,2.0,4.0,1,42,1458,1458.0,0.0,0.0761,1,300
P07,PSO_Binario,,300,,,30.0,0.7,2.0,2.0,4.0,2,43,1458,1458.0,0.0,0.0758,16,300
P07,PSO_Binario,,300,,,30.0,0.7,2.0,2.0,4.0,3,44,1458,1458.0,0.0,0.08,8,300
P07,PSO_Binario,,300,,,30.0,0.7,2.0,2.0,4.0,4,45,1458,1458.0,0.0,0.0767,46,300
P07,PSO_Binario,,300,,,30.0,0.7,2.0,2.0,4.0,5,46,1458,1458.0,0.0,0.085,39,300
P07,PSO_Binario,,300,,,30.0,0.7,2.0,2.0,6.0,1,42,1458,1458.0,0.0,0.0803,1,300
P07,PSO_Binario,,300,,,30.0,0.7,2.0,2.0,6.0,2,43,1458,1458.0,0.0,0.0788,82,300
P07,PSO_Binario,,300,,,30.0,0.7,2.0,2.0,6.0,3,44,1458,1458.0,0.0,0.1033,9,300
P07,PSO_Binario,,300,,,30.0,0.7,2.0,2.0,6.0,4,45,1458,1458.0,0.0,0.0993,22,300
P07,PSO_Binario,,300,,,30.0,0.7,2.0,2.0,6.0,5,46,1458,1458.0,0.0,0.0914,99,300
P07,PSO_Binario,,300,,,30.0,0.9,2.0,2.0,4.0,1,42,1458,1458.0,0.0,0.0782,1,300
P07,PSO_Binario,,300,,,30.0,0.9,2.0,2.0,4.0,2,43,1458,1458.0,0.0,0.0789,5,300
P07,PSO_Binario,,300,,,30.0,0.9,2.0,2.0,4.0,3,44,1458,1458.0,0.0,0.0785,6,300
P07,PSO_Binario,,300,,,30.0,0.9,2.0,2.0,4.0,4,45,1454,1458.0,0.2743484224965706,0.0768,122,300
P07,PSO_Binario,,300,,,30.0,0.9,2.0,2.0,4.0,5,46,1454,1458.0,0.2743484224965706,0.0779,95,300
P07,PSO_Binario,,300,,,30.0,0.9,2.0,2.0,6.0,1,42,1458,1458.0,0.0,0.0803,1,300
P07,PSO_Binario,,300,,,30.0,0.9,2.0,2.0,6.0,2,43,1458,1458.0,0.0,0.0808,134,300
P07,PSO_Binario,,300,,,30.0,0.9,2.0,2.0,6.0,3,44,1458,1458.0,0.0,0.0801,5,300
P07,PSO_Binario,,300,,,30.0,0.9,2.0,2.0,6.0,4,45,1453,1458.0,0.3429355281207133,0.0937,5,300
P07,PSO_Binario,,300,,,30.0,0.9,2.0,2.0,6.0,5,46,1451,1458.0,0.48010973936899864,0.0796,37,300
P07,PSO_Binario,,100,,,100.0,0.4,2.0,2.0,4.0,1,42,1458,1458.0,0.0,0.1459,0,100
P07,PSO_Binario,,100,,,100.0,0.4,2.0,2.0,4.0,2,43,1458,1458.0,0.0,0.0931,1,100
P07,PSO_Binario,,100,,,100.0,0.4,2.0,2.0,4.0,3,44,1458,1458.0,0.0,0.0918,1,100
P07,PSO_Binario,,100,,,100.0,0.4,2.0,2.0,4.0,4,45,1458,1458.0,0.0,0.0904,8,100
P07,PSO_Binario,,100,,,100.0,0.4,2.0,2.0,4.0,5,46,1458,1458.0,0.0,0.0891,9,100
P07,PSO_Binario,,100,,,100.0,0.4,2.0,2.0,6.0,1,42,1458,1458.0,0.0,0.074,0,100
P07,PSO_Binario,,100,,,100.0,0.4,2.0,2.0,6.0,2,43,1458,1458.0,0.0,0.087,1,100
P07,PSO_Binario,,100,,,100.0,0.4,2.0,2.0,6.0,3,44,1458,1458.0,0.0,0.1732,1,100
P07,PSO_Binario,,100,,,100.0,0.4,2.0,2.0,6.0,4,45,1458,1458.0,0.0,0.1081,1,100
P07,PSO_Binario,,100,,,100.0,0.4,2.0,2.0,6.0,5,46,1458,1458.0,0.0,0.0791,2,100
P07,PSO_Binario,,100,,,100.0,0.7,2.0,2.0,4.0,1,42,1458,1458.0,0.0,0.0834,0,100
P07,PSO_Binario,,100,,,100.0,0.7,2.0,2.0,4.0,2,43,1458,1458.0,0.0,0.084,1,100
P07,PSO_Binario,,100,,,100.0,0.7,2.0,2.0,4.0,3,44,1458,1458.0,0.0,0.1082,4,100
P07,PSO_Binario,,100,,,100.0,0.7,2.0,2.0,4.0,4,45,1458,1458.0,0.0,0.1172,1,100
P07,PSO_Binario,,100,,,100.0,0.7,2.0,2.0,4.0,5,46,1458,1458.0,0.0,0.0819,5,100
P07,PSO_Binario,,100,,,100.0,0.7,2.0,2.0,6.0,1,42,1458,1458.0,0.0,0.0991,0,100
P07,PSO_Binario,,100,,,100.0,0.7,2.0,2.0,6.0,2,43,1458,1458.0,0.0,0.0842,1,100
P07,PSO_Binario,,100,,,100.0,0.7,2.0,2.0,6.0,3,44,1458,1458.0,0.0,0.0797,5,100
P07,PSO_Binario,,100,,,100.0,0.7,2.0,2.0,6.0,4,45,1458,1458.0,0.0,0.0805,14,100
P07,PSO_Binario,,100,,,100.0,0.7,2.0,2.0,6.0,5,46,1458,1458.0,0.0,0.0796,7,100
P07,PSO_Binario,,100,,,100.0,0.9,2.0,2.0,4.0,1,42,1458,1458.0,0.0,0.1272,0,100
P07,PSO_Binario,,100,,,100.0,0.9,2.0,2.0,4.0,2,43,1458,1458.0,0.0,0.1273,1,100
P07,PSO_Binario,,100,,,100.0,0.9,2.0,2.0,4.0,3,44,1458,1458.0,0.0,0.0869,2,100
P07,PSO_Binario,,100,,,100.0,0.9,2.0,2.0,4.0,4,45,1458,1458.0,0.0,0.0855,5,100
P07,PSO_Binario,,100,,,100.0,0.9,2.0,2.0,4.0,5,46,1458,1458.0,0.0,0.0822,21,100
P07,PSO_Binario,,100,,,100.0,0.9,2.0,2.0,6.0,1,42,1458,1458.0,0.0,0.0832,0,100
P07,PSO_Binario,,100,,,100.0,0.9,2.0,2.0,6.0,2,43,1458,1458.0,0.0,0.0838,1,100
P07,PSO_Binario,,100,,,100.0,0.9,2.0,2.0,6.0,3,44,1458,1458.0,0.0,0.0828,2,100
P07,PSO_Binario,,100,,,100.0,0.9,2.0,2.0,6.0,4,45,1458,1458.0,0.0,0.0831,3,100
P07,PSO_Binario,,100,,,100.0,0.9,2.0,2.0,6.0,5,46,1458,1458.0,0.0,0.0826,13,100
P07,PSO_Binario,,300,,,100.0,0.4,2.0,2.0,4.0,1,42,1458,1458.0,0.0,0.2207,0,300
P07,PSO_Binario,,300,,,100.0,0.4,2.0,2.0,4.0,2,43,1458,1458.0,0.0,0.2177,1,300
P07,PSO_Binario,,300,,,100.0,0.4,2.0,2.0,4.0,3,44,1458,1458.0,0.0,0.2312,1,300
P07,PSO_Binario,,300,,,100.0,0.4,2.0,2.0,4.0,4,45,1458,1458.0,0.0,0.2292,8,300
P07,PSO_Binario,,300,,,100.0,0.4,2.0,2.0,4.0,5,46,1458,1458.0,0.0,0.2146,9,300
P07,PSO_Binario,,300,,,100.0,0.4,2.0,2.0,6.0,1,42,1458,1458.0,0.0,0.2137,0,300
P07,PSO_Binario,,300,,,100.0,0.4,2.0,2.0,6.0,2,43,1458,1458.0,0.0,0.2166,1,300
P07,PSO_Binario,,300,,,100.0,0.4,2.0,2.0,6.0,3,44,1458,1458.0,0.0,0.2162,1,300
P07,PSO_Binario,,300,,,100.0,0.4,2.0,2.0,6.0,4,45,1458,1458.0,0.0,0.2149,1,300
P07,PSO_Binario,,300,,,100.0,0.4,2.0,2.0,6.0,5,46,1458,1458.0,0.0,0.2141,2,300
P07,PSO_Binario,,300,,,100.0,0.7,2.0,2.0,4.0,1,42,1458,1458.0,0.0,0.2279,0,300
P07,PSO_Binario,,300,,,100.0,0.7,2.0,2.0,4.0,2,43,1458,1458.0,0.0,0.2306,1,300
P07,PSO_Binario,,300,,,100.0,0.7,2.0,2.0,4.0,3,44,1458,1458.0,0.0,0.2306,4,300
P07,PSO_Binario,,300,,,100.0,0.7,2.0,2.0,4.0,4,45,1458,1458.0,0.0,0.2273,1,300
P07,PSO_Binario,,300,,,100.0,0.7,2.0,2.0,4.0,5,46,1458,1458.0,0.0,0.2262,5,300
P07,PSO_Binario,,300,,,100.0,0.7,2.0,2.0,6.0,1,42,1458,1458.0,0.0,0.229,0,300
P07,PSO_Binario,,300,,,100.0,0.7,2.0,2.0,6.0,2,43,1458,1458.0,0.0,0.2344,1,300
P07,PSO_Binario,,300,,,100.0,0.7,2.0,2.0,6.0,3,44,1458,1458.0,0.0,0.2292,5,300
P07,PSO_Binario,,300,,,100.0,0.7,2.0,2.0,6.0,4,45,1458,1458.0,0.0,0.2405,14,300
P07,PSO_Binario,,300,,,100.0,0.7,2.0,2.0,6.0,5,46,1458,1458.0,0.0,0.2349,7,300
P07,PSO_Binario,,300,,,100.0,0.9,2.0,2.0,4.0,1,42,1458,1458.0,0.0,0.2387,0,300
P07,PSO_Binario,,300,,,100.0,0.9,2.0,2.0,4.0,2,43,1458,1458.0,0.0,0.2802,1,300
P07,PSO_Binario,,300,,,100.0,0.9,2.0,2.0,4.0,3,44,1458,1458.0,0.0,0.2371,2,300
P07,PSO_Binario,,300,,,100.0,0.9,2.0,2.0,4.0,4,45,1458,1458.0,0.0,0.2438,5,300
P07,PSO_Binario,,300,,,100.0,0.9,2.0,2.0,4.0,5,46,1458,1458.0,0.0,0.2419,21,300
P07,PSO_Binario,,300,,,100.0,0.9,2.0,2.0,6.0,1,42,1458,1458.0,0.0,0.2465,0,300
P07,PSO_Binario,,300,,,100.0,0.9,2.0,2.0,6.0,2,43,1458,1458.0,0.0,0.2478,1,300
P07,PSO_Binario,,300,,,100.0,0.9,2.0,2.0,6.0,3,44,1458,1458.0,0.0,0.2468,2,300
P07,PSO_Binario,,300,,,100.0,0.9,2.0,2.0,6.0,4,45,1458,1458.0,0.0,0.2465,3,300
P07,PSO_Binario,,300,,,100.0,0.9,2.0,2.0,6.0,5,46,1458,1458.0,0.0,0.2447,13,300
P08,BuscaTabu,10.0,500,100.0,flip,,,,,,1,42,13462565,13549094.0,0.6386331071287866,0.0101,7,107
P08,BuscaTabu,10.0,500,100.0,flip,,,,,,2,43,13462565,13549094.0,0.6386331071287866,0.0052,7,107
P08,BuscaTabu,10.0,500,100.0,flip,,,,,,3,44,13462565,13549094.0,0.6386331071287866,0.0051,7,107
P08,BuscaTabu,10.0,500,100.0,flip,,,,,,4,45,13462565,13549094.0,0.6386331071287866,0.0048,7,107
P08,BuscaTabu,10.0,500,100.0,flip,,,,,,5,46,13462565,13549094.0,0.6386331071287866,0.0038,7,107
P08,BuscaTabu,10.0,500,100.0,swap,,,,,,1,42,13482886,13549094.0,0.4886525992070023,0.0447,1,101
P08,BuscaTabu,10.0,500,100.0,swap,,,,,,2,43,13482886,13549094.0,0.4886525992070023,0.0162,1,101
P08,BuscaTabu,10.0,500,100.0,swap,,,,,,3,44,13482886,13549094.0,0.4886525992070023,0.0169,1,101
P08,BuscaTabu,10.0,500,100.0,swap,,,,,,4,45,13482886,13549094.0,0.4886525992070023,0.0162,1,101
P08,BuscaTabu,10.0,500,100.0,swap,,,,,,5,46,13482886,13549094.0,0.4886525992070023,0.0193,1,101
P08,BuscaTabu,10.0,1000,100.0,flip,,,,,,1,42,13462565,13549094.0,0.6386331071287866,0.0037,7,107
P08,BuscaTabu,10.0,1000,100.0,flip,,,,,,2,43,13462565,13549094.0,0.6386331071287866,0.0036,7,107
P08,BuscaTabu,10.0,1000,100.0,flip,,,,,,3,44,13462565,13549094.0,0.6386331071287866,0.0037,7,107
P08,BuscaTabu,10.0,1000,100.0,flip,,,,,,4,45,13462565,13549094.0,0.6386331071287866,0.0037,7,107
P08,BuscaTabu,10.0,1000,100.0,flip,,,,,,5,46,13462565,13549094.0,0.6386331071287866,0.0037,7,107
P08,BuscaTabu,10.0,1000,100.0,swap,,,,,,1,42,13482886,13549094.0,0.4886525992070023,0.0165,1,101
P08,BuscaTabu,10.0,1000,100.0,swap,,,,,,2,43,13482886,13549094.0,0.4886525992070023,0.0163,1,101
P08,BuscaTabu,10.0,1000,100.0,swap,,,,,,3,44,13482886,13549094.0,0.4886525992070023,0.0164,1,101
P08,BuscaTabu,10.0,1000,100.0,swap,,,,,,4,45,13482886,13549094.0,0.4886525992070023,0.0165,1,101
P08,BuscaTabu,10.0,1000,100.0,swap,,,,,,5,46,13482886,13549094.0,0.4886525992070023,0.0164,1,101
P08,BuscaTabu,20.0,500,100.0,flip,,,,,,1,42,13462565,13549094.0,0.6386331071287866,0.0039,7,107
P08,BuscaTabu,20.0,500,100.0,flip,,,,,,2,43,13462565,13549094.0,0.6386331071287866,0.004,7,107
P08,BuscaTabu,20.0,500,100.0,flip,,,,,,3,44,13462565,13549094.0,0.6386331071287866,0.0038,7,107
P08,BuscaTabu,20.0,500,100.0,flip,,,,,,4,45,13462565,13549094.0,0.6386331071287866,0.0038,7,107
P08,BuscaTabu,20.0,500,100.0,flip,,,,,,5,46,13462565,13549094.0,0.6386331071287866,0.0039,7,107
P08,BuscaTabu,20.0,500,100.0,swap,,,,,,1,42,13482886,13549094.0,0.4886525992070023,0.0165,1,101
P08,BuscaTabu,20.0,500,100.0,swap,,,,,,2,43,13482886,13549094.0,0.4886525992070023,0.0166,1,101
P08,BuscaTabu,20.0,500,100.0,swap,,,,,,3,44,13482886,13549094.0,0.4886525992070023,0.0163,1,101
P08,BuscaTabu,20.0,500,100.0,swap,,,,,,4,45,13482886,13549094.0,0.4886525992070023,0.0164,1,101
P08,BuscaTabu,20.0,500,100.0,swap,,,,,,5,46,13482886,13549094.0,0.4886525992070023,0.0167,1,101
P08,BuscaTabu,20.0,1000,100.0,flip,,,,,,1,42,13462565,13549094.0,0.6386331071287866,0.0051,7,107
P08,BuscaTabu,20.0,1000,100.0,flip,,,,,,2,43,13462565,13549094.0,0.6386331071287866,0.0055,7,107
P08,BuscaTabu,20.0,1000,100.0,flip,,,,,,3,44,13462565,13549094.0,0.6386331071287866,0.0055,7,107
P08,BuscaTabu,20.0,1000,100.0,flip,,,,,,4,45,13462565,13549094.0,0.6386331071287866,0.0041,7,107
P08,BuscaTabu,20.0,1000,100.0,flip,,,,,,5,46,13462565,13549094.0,0.6386331071287866,0.0039,7,107
P08,BuscaTabu,20.0,1000,100.0,swap,,,,,,1,42,13482886,13549094.0,0.4886525992070023,0.0165,1,101
P08,BuscaTabu,20.0,1000,100.0,swap,,,,,,2,43,13482886,13549094.0,0.4886525992070023,0.0164,1,101
P08,BuscaTabu,20.0,1000,100.0,swap,,,,,,3,44,13482886,13549094.0,0.4886525992070023,0.0164,1,101
P08,BuscaTabu,20.0,1000,100.0,swap,,,,,,4,45,13482886,13549094.0,0.4886525992070023,0.0166,1,101
P08,BuscaTabu,20.0,1000,100.0,swap,,,,,,5,46,13482886,13549094.0,0.4886525992070023,0.0166,1,101
P08,PSO_Binario,,100,,,30.0,0.4,2.0,2.0,4.0,1,42,13518963,13549094.0,0.22238387304715726,0.0407,39,100
P08,PSO_Binario,,100,,,30.0,0.4,2.0,2.0,4.0,2,43,13549094,13549094.0,0.0,0.0387,2,100
P08,PSO_Binario,,100,,,30.0,0.4,2.0,2.0,4.0,3,44,13549094,13549094.0,0.0,0.0392,41,100
P08,PSO_Binario,,100,,,30.0,0.4,2.0,2.0,4.0,4,45,13518963,13549094.0,0.22238387304715726,0.0386,26,100
P08,PSO_Binario,,100,,,30.0,0.4,2.0,2.0,4.0,5,46,13517399,13549094.0,0.23392708029038695,0.0391,55,100
P08,PSO_Binario,,100,,,30.0,0.4,2.0,2.0,6.0,1,42,13518963,13549094.0,0.22238387304715726,0.039,39,100
P08,PSO_Binario,,100,,,30.0,0.4,2.0,2.0,6.0,2,43,13518963,13549094.0,0.22238387304715726,0.0394,19,100
P08,PSO_Binario,,100,,,30.0,0.4,2.0,2.0,6.0,3,44,13549094,13549094.0,0.0,0.0388,41,100
P08,PSO_Binario,,100,,,30.0,0.4,2.0,2.0,6.0,4,45,13549094,13549094.0,0.0,0.0392,12,100
P08,PSO_Binario,,100,,,30.0,0.4,2.0,2.0,6.0,5,46,13517399,13549094.0,0.23392708029038695,0.0393,55,100
P08,PSO_Binario,,100,,,30.0,0.7,2.0,2.0,4.0,1,42,13515028,13549094.0,0.25142640533750815,0.0414,16,100
P08,PSO_Binario,,100,,,30.0,0.7,2.0,2.0,4.0,2,43,13549094,13549094.0,0.0,0.0406,50,100
P08,PSO_Binario,,100,,,30.0,0.7,2.0,2.0,4.0,3,44,13549094,13549094.0,0.0,0.0407,65,100
P08,PSO_Binario,,100,,,30.0,0.7,2.0,2.0,4.0,4,45,13549094,13549094.0,0.0,0.0383,82,100
P08,PSO_Binario,,100,,,30.0,0.7,2.0,2.0,4.0,5,46,13549094,13549094.0,0.0,0.0331,98,100
P08,PSO_Binario,,100,,,30.0,0.7,2.0,2.0,6.0,1,42,13549094,13549094.0,0.0,0.0285,12,100
P08,PSO_Binario,,100,,,30.0,0.7,2.0,2.0,6.0,2,43,13549094,13549094.0,0.0,0.0283,82,100
P08,PSO_Binario,,100,,,30.0,0.7,2.0,2.0,6.0,3,44,13549094,13549094.0,0.0,0.0287,46,100
P08,PSO_Binario,,100,,,30.0,0.7,2.0,2.0,6.0,4,45,13549094,13549094.0,0.0,0.0283,41,100
P08,PSO_Binario,,100,,,30.0,0.7,2.0,2.0,6.0,5,46,13549094,13549094.0,0.0,0.0284,45,100
P08,PSO_Binario,,100,,,30.0,0.9,2.0,2.0,4.0,1,42,13549094,13549094.0,0.0,0.0304,60,100
P08,PSO_Binario,,100,,,30.0,0.9,2.0,2.0,4.0,2,43,13505878,13549094.0,0.31895859605077653,0.03,6,100
P08,PSO_Binario,,100,,,30.0,0.9,2.0,2.0,4.0,3,44,13549094,13549094.0,0.0,0.0303,19,100
P08,PSO_Binario,,100,,,30.0,0.9,2.0,2.0,4.0,4,45,13549094,13549094.0,0.0,0.0303,34,100
P08,PSO_Binario,,100,,,30.0,0.9,2.0,2.0,4.0,5,46,13505878,13549094.0,0.31895859605077653,0.0299,18,100
P08,PSO_Binario,,100,,,30.0,0.9,2.0,2.0,6.0,1,42,13549094,13549094.0,0.0,0.0315,61,100
P08,PSO_Binario,,100,,,30.0,0.9,2.0,2.0,6.0,2,43,13549094,13549094.0,0.0,0.031,23,100
P08,PSO_Binario,,100,,,30.0,0.9,2.0,2.0,6.0,3,44,13524340,13549094.0,0.18269856272308688,0.0304,3,100
P08,PSO_Binario,,100,,,30.0,0.9,2.0,2.0,6.0,4,45,13509694,13549094.0,0.29079435126806263,0.0302,70,100
P08,PSO_Binario,,100,,,30.0,0.9,2.0,2.0,6.0,5,46,13549094,13549094.0,0.0,0.0327,18,100
P08,PSO_Binario,,300,,,30.0,0.4,2.0,2.0,4.0,1,42,13549094,13549094.0,0.0,0.0804,170,300
P08,PSO_Binario,,300,,,30.0,0.4,2.0,2.0,4.0,2,43,13549094,13549094.0,0.0,0.0791,2,300
P08,PSO_Binario,,300,,,30.0,0.4,2.0,2.0,4.0,3,44,13549094,13549094.0,0.0,0.0801,41,300
P08,PSO_Binario,,300,,,30.0,0.4,2.0,2.0,4.0,4,45,13524340,13549094.0,0.18269856272308688,0.0795,112,300
P08,PSO_Binario,,300,,,30.0,0.4,2.0,2.0,4.0,5,46,13549094,13549094.0,0.0,0.0793,132,300
P08,PSO_Binario,,300,,,30.0,0.4,2.0,2.0,6.0,1,42,13524340,13549094.0,0.18269856272308688,0.079,133,300
P08,PSO_Binario,,300,,,30.0,0.4,2.0,2.0,6.0,2,43,13549094,13549094.0,0.0,0.0797,163,300
P08,PSO_Binario,,300,,,30.0,0.4,2.0,2.0,6.0,3,44,13549094,13549094.0,0.0,0.0793,41,300
P08,PSO_Binario,,300,,,30.0,0.4,2.0,2.0,6.0,4,45,13549094,13549094.0,0.0,0.0801,12,300
P08,PSO_Binario,,300,,,30.0,0.4,2.0,2.0,6.0,5,46,13549094,13549094.0,0.0,0.0781,132,300
P08,PSO_Binario,,300,,,30.0,0.7,2.0,2.0,4.0,1,42,13549094,13549094.0,0.0,0.0824,244,300
P08,PSO_Binario,,300,,,30.0,0.7,2.0,2.0,4.0,2,43,13549094,13549094.0,0.0,0.0862,50,300
P08,PSO_Binario,,300,,,30.0,0.7,2.0,2.0,4.0,3,44,13549094,13549094.0,0.0,0.0853,65,300
P08,PSO_Binario,,300,,,30.0,0.7,2.0,2.0,4.0,4,45,13549094,13549094.0,0.0,0.0839,82,300
P08,PSO_Binario,,300,,,30.0,0.7,2.0,2.0,4.0,5,46,13549094,13549094.0,0.0,0.0835,98,300
P08,PSO_Binario,,300,,,30.0,0.7,2.0,2.0,6.0,1,42,13549094,13549094.0,0.0,0.0845,12,300
P08,PSO_Binario,,300,,,30.0,0.7,2.0,2.0,6.0,2,43,13549094,13549094.0,0.0,0.0852,82,300
P08,PSO_Binario,,300,,,30.0,0.7,2.0,2.0,6.0,3,44,13549094,13549094.0,0.0,0.0838,46,300
P08,PSO_Binario,,300,,,30.0,0.7,2.0,2.0,6.0,4,45,13549094,13549094.0,0.0,0.0825,41,300
P08,PSO_Binario,,300,,,30.0,0.7,2.0,2.0,6.0,5,46,13549094,13549094.0,0.0,0.0829,45,300
P08,PSO_Binario,,300,,,30.0,0.9,2.0,2.0,4.0,1,42,13549094,13549094.0,0.0,0.0896,60,300
P08,PSO_Binario,,300,,,30.0,0.9,2.0,2.0,4.0,2,43,13549094,13549094.0,0.0,0.0903,163,300
P08,PSO_Binario,,300,,,30.0,0.9,2.0,2.0,4.0,3,44,13549094,13549094.0,0.0,0.0911,19,300
P08,PSO_Binario,,300,,,30.0,0.9,2.0,2.0,4.0,4,45,13549094,13549094.0,0.0,0.09,34,300
P08,PSO_Binario,,300,,,30.0,0.9,2.0,2.0,4.0,5,46,13518963,13549094.0,0.22238387304715726,0.1054,292,300
P08,PSO_Binario,,300,,,30.0,0.9,2.0,2.0,6.0,1,42,13549094,13549094.0,0.0,0.092,61,300
P08,PSO_Binario,,300,,,30.0,0.9,2.0,2.0,6.0,2,43,13549094,13549094.0,0.0,0.0925,23,300
P08,PSO_Binario,,300,,,30.0,0.9,2.0,2.0,6.0,3,44,13524340,13549094.0,0.18269856272308688,0.0905,3,300
P08,PSO_Binario,,300,,,30.0,0.9,2.0,2.0,6.0,4,45,13518963,13549094.0,0.22238387304715726,0.0915,122,300
P08,PSO_Binario,,300,,,30.0,0.9,2.0,2.0,6.0,5,46,13549094,13549094.0,0.0,0.0893,18,300
P08,PSO_Binario,,100,,,100.0,0.4,2.0,2.0,4.0,1,42,13549094,13549094.0,0.0,0.0813,62,100
P08,PSO_Binario,,100,,,100.0,0.4,2.0,2.0,4.0,2,43,13524340,13549094.0,0.18269856272308688,0.0811,60,100
P08,PSO_Binario,,100,,,100.0,0.4,2.0,2.0,4.0,3,44,13549094,13549094.0,0.0,0.0813,53,100
P08,PSO_Binario,,100,,,100.0,0.4,2.0,2.0,4.0,4,45,13549094,13549094.0,0.0,0.0807,11,100
P08,PSO_Binario,,100,,,100.0,0.4,2.0,2.0,4.0,5,46,13549094,13549094.0,0.0,0.0805,32,100
P08,PSO_Binario,,100,,,100.0,0.4,2.0,2.0,6.0,1,42,13549094,13549094.0,0.0,0.0815,84,100
P08,PSO_Binario,,100,,,100.0,0.4,2.0,2.0,6.0,2,43,13549094,13549094.0,0.0,0.0935,47,100
P08,PSO_Binario,,100,,,100.0,0.4,2.0,2.0,6.0,3,44,13549094,13549094.0,0.0,0.0817,5,100
P08,PSO_Binario,,100,,,100.0,0.4,2.0,2.0,6.0,4,45,13549094,13549094.0,0.0,0.0838,11,100
P08,PSO_Binario,,100,,,100.0,0.4,2.0,2.0,6.0,5,46,13549094,13549094.0,0.0,0.1006,32,100
P08,PSO_Binario,,100,,,100.0,0.7,2.0,2.0,4.0,1,42,13549094,13549094.0,0.0,0.139,69,100
P08,PSO_Binario,,100,,,100.0,0.7,2.0,2.0,4.0,2,43,13549094,13549094.0,0.0,0.1208,12,100
P08,PSO_Binario,,100,,,100.0,0.7,2.0,2.0,4.0,3,44,13549094,13549094.0,0.0,0.0886,15,100
P08,PSO_Binario,,100,,,100.0,0.7,2.0,2.0,4.0,4,45,13549094,13549094.0,0.0,0.0866,14,100
P08,PSO_Binario,,100,,,100.0,0.7,2.0,2.0,4.0,5,46,13549094,13549094.0,0.0,0.1052,1,100
P08,PSO_Binario,,100,,,100.0,0.7,2.0,2.0,6.0,1,42,13524340,13549094.0,0.18269856272308688,0.2059,98,100
P08,PSO_Binario,,100,,,100.0,0.7,2.0,2.0,6.0,2,43,13549094,13549094.0,0.0,0.2726,74,100
P08,PSO_Binario,,100,,,100.0,0.7,2.0,2.0,6.0,3,44,13549094,13549094.0,0.0,0.3127,13,100
P08,PSO_Binario,,100,,,100.0,0.7,2.0,2.0,6.0,4,45,13549094,13549094.0,0.0,0.2669,18,100
P08,PSO_Binario,,100,,,100.0,0.7,2.0,2.0,6.0,5,46,13549094,13549094.0,0.0,0.1329,13,100
P08,PSO_Binario,,100,,,100.0,0.9,2.0,2.0,4.0,1,42,13549094,13549094.0,0.0,0.1081,15,100
P08,PSO_Binario,,100,,,100.0,0.9,2.0,2.0,4.0,2,43,13549094,13549094.0,0.0,0.1205,8,100
P08,PSO_Binario,,100,,,100.0,0.9,2.0,2.0,4.0,3,44,13549094,13549094.0,0.0,0.1415,8,100
P08,PSO_Binario,,100,,,100.0,0.9,2.0,2.0,4.0,4,45,13549094,13549094.0,0.0,0.1291,24,100
P08,PSO_Binario,,100,,,100.0,0.9,2.0,2.0,4.0,5,46,13549094,13549094.0,0.0,0.1073,1,100
P08,PSO_Binario,,100,,,100.0,0.9,2.0,2.0,6.0,1,42,13549094,13549094.0,0.0,0.0999,19,100
P08,PSO_Binario,,100,,,100.0,0.9,2.0,2.0,6.0,2,43,13549094,13549094.0,0.0,0.0952,53,100
P08,PSO_Binario,,100,,,100.0,0.9,2.0,2.0,6.0,3,44,13549094,13549094.0,0.0,0.0983,39,100
P08,PSO_Binario,,100,,,100.0,0.9,2.0,2.0,6.0,4,45,13549094,13549094.0,0.0,0.103,6,100
P08,PSO_Binario,,100,,,100.0,0.9,2.0,2.0,6.0,5,46,13549094,13549094.0,0.0,0.1211,9,100
P08,PSO_Binario,,300,,,100.0,0.4,2.0,2.0,4.0,1,42,13549094,13549094.0,0.0,0.3345,62,300
P08,PSO_Binario,,300,,,100.0,0.4,2.0,2.0,4.0,2,43,13549094,13549094.0,0.0,0.3296,156,300
P08,PSO_Binario,,300,,,100.0,0.4,2.0,2.0,4.0,3,44,13549094,13549094.0,0.0,0.2408,53,300
P08,PSO_Binario,,300,,,100.0,0.4,2.0,2.0,4.0,4,45,13549094,13549094.0,0.0,0.2465,11,300
P08,PSO_Binario,,300,,,100.0,0.4,2.0,2.0,4.0,5,46,13549094,13549094.0,0.0,0.2442,32,300
P08,PSO_Binario,,300,,,100.0,0.4,2.0,2.0,6.0,1,42,13549094,13549094.0,0.0,0.2857,84,300
P08,PSO_Binario,,300,,,100.0,0.4,2.0,2.0,6.0,2,43,13549094,13549094.0,0.0,0.2424,47,300
P08,PSO_Binario,,300,,,100.0,0.4,2.0,2.0,6.0,3,44,13549094,13549094.0,0.0,0.2483,5,300
P08,PSO_Binario,,300,,,100.0,0.4,2.0,2.0,6.0,4,45,13549094,13549094.0,0.0,0.2628,11,300
P08,PSO_Binario,,300,,,100.0,0.4,2.0,2.0,6.0,5,46,13549094,13549094.0,0.0,0.2392,32,300
P08,PSO_Binario,,300,,,100.0,0.7,2.0,2.0,4.0,1,42,13549094,13549094.0,0.0,0.2562,69,300
P08,PSO_Binario,,300,,,100.0,0.7,2.0,2.0,4.0,2,43,13549094,13549094.0,0.0,0.2558,12,300
P08,PSO_Binario,,300,,,100.0,0.7,2.0,2.0,4.0,3,44,13549094,13549094.0,0.0,0.2544,15,300
P08,PSO_Binario,,300,,,100.0,0.7,2.0,2.0,4.0,4,45,13549094,13549094.0,0.0,0.257,14,300
P08,PSO_Binario,,300,,,100.0,0.7,2.0,2.0,4.0,5,46,13549094,13549094.0,0.0,0.2574,1,300
P08,PSO_Binario,,300,,,100.0,0.7,2.0,2.0,6.0,1,42,13549094,13549094.0,0.0,0.2589,156,300
P08,PSO_Binario,,300,,,100.0,0.7,2.0,2.0,6.0,2,43,13549094,13549094.0,0.0,0.2556,74,300
P08,PSO_Binario,,300,,,100.0,0.7,2.0,2.0,6.0,3,44,13549094,13549094.0,0.0,0.2804,13,300
P08,PSO_Binario,,300,,,100.0,0.7,2.0,2.0,6.0,4,45,13549094,13549094.0,0.0,0.2571,18,300
P08,PSO_Binario,,300,,,100.0,0.7,2.0,2.0,6.0,5,46,13549094,13549094.0,0.0,0.3102,13,300
P08,PSO_Binario,,300,,,100.0,0.9,2.0,2.0,4.0,1,42,13549094,13549094.0,0.0,0.2757,15,300
P08,PSO_Binario,,300,,,100.0,0.9,2.0,2.0,4.0,2,43,13549094,13549094.0,0.0,0.3349,8,300
P08,PSO_Binario,,300,,,100.0,0.9,2.0,2.0,4.0,3,44,13549094,13549094.0,0.0,0.2953,8,300
P08,PSO_Binario,,300,,,100.0,0.9,2.0,2.0,4.0,4,45,13549094,13549094.0,0.0,0.2805,24,300
P08,PSO_Binario,,300,,,100.0,0.9,2.0,2.0,4.0,5,46,13549094,13549094.0,0.0,0.2772,1,300
P08,PSO_Binario,,300,,,100.0,0.9,2.0,2.0,6.0,1,42,13549094,13549094.0,0.0,0.2862,19,300
P08,PSO_Binario,,300,,,100.0,0.9,2.0,2.0,6.0,2,43,13549094,13549094.0,0.0,0.295,53,300
P08,PSO_Binario,,300,,,100.0,0.9,2.0,2.0,6.0,3,44,13549094,13549094.0,0.0,0.3071,39,300
P08,PSO_Binario,,300,,,100.0,0.9,2.0,2.0,6.0,4,45,13549094,13549094.0,0.0,0.4751,6,300
P08,PSO_Binario,,300,,,100.0,0.9,2.0,2.0,6.0,5,46,13549094,13549094.0,0.0,0.2977,9,300
knapPI_1_100,BuscaTabu,10.0,500,100.0,flip,,,,,,1,42,9147,,,0.0153,54,154
knapPI_1_100,BuscaTabu,10.0,500,100.0,flip,,,,,,2,43,9147,,,0.0147,54,154
knapPI_1_100,BuscaTabu,10.0,500,100.0,flip,,,,,,3,44,9147,,,0.0147,54,154
knapPI_1_100,BuscaTabu,10.0,500,100.0,flip,,,,,,4,45,9147,,,0.0147,54,154
knapPI_1_100,BuscaTabu,10.0,500,100.0,flip,,,,,,5,46,9147,,,0.0148,54,154
knapPI_1_100,BuscaTabu,10.0,500,100.0,swap,,,,,,1,42,9147,,,0.0782,1,101
knapPI_1_100,BuscaTabu,10.0,500,100.0,swap,,,,,,2,43,9147,,,0.0773,1,101
knapPI_1_100,BuscaTabu,10.0,500,100.0,swap,,,,,,3,44,9147,,,0.0772,1,101
knapPI_1_100,BuscaTabu,10.0,500,100.0,swap,,,,,,4,45,9147,,,0.0772,1,101
knapPI_1_100,BuscaTabu,10.0,500,100.0,swap,,,,,,5,46,9147,,,0.0769,1,101
knapPI_1_100,BuscaTabu,10.0,1000,100.0,flip,,,,,,1,42,9147,,,0.0146,54,154
knapPI_1_100,BuscaTabu,10.0,1000,100.0,flip,,,,,,2,43,9147,,,0.0146,54,154
knapPI_1_100,BuscaTabu,10.0,1000,100.0,flip,,,,,,3,44,9147,,,0.0146,54,154
knapPI_1_100,BuscaTabu,10.0,1000,100.0,flip,,,,,,4,45,9147,,,0.0306,54,154
knapPI_1_100,BuscaTabu,10.0,1000,100.0,flip,,,,,,5,46,9147,,,0.0157,54,154
knapPI_1_100,BuscaTabu,10.0,1000,100.0,swap,,,,,,1,42,9147,,,0.083,1,101
knapPI_1_100,BuscaTabu,10.0,1000,100.0,swap,,,,,,2,43,9147,,,0.0819,1,101
knapPI_1_100,BuscaTabu,10.0,1000,100.0,swap,,,,,,3,44,9147,,,0.0791,1,101
knapPI_1_100,BuscaTabu,10.0,1000,100.0,swap,,,,,,4,45,9147,,,0.0789,1,101
knapPI_1_100,BuscaTabu,10.0,1000,100.0,swap,,,,,,5,46,9147,,,0.0786,1,101
knapPI_1_100,BuscaTabu,20.0,500,100.0,flip,,,,,,1,42,8940,,,0.0133,36,136
knapPI_1_100,BuscaTabu,20.0,500,100.0,flip,,,,,,2,43,8940,,,0.0133,36,136
knapPI_1_100,BuscaTabu,20.0,500,100.0,flip,,,,,,3,44,8940,,,0.0133,36,136
knapPI_1_100,BuscaTabu,20.0,500,100.0,flip,,,,,,4,45,8940,,,0.0133,36,136
knapPI_1_100,BuscaTabu,20.0,500,100.0,flip,,,,,,5,46,8940,,,0.0132,36,136
knapPI_1_100,BuscaTabu,20.0,500,100.0,swap,,,,,,1,42,9147,,,0.0793,1,101
knapPI_1_100,BuscaTabu,20.0,500,100.0,swap,,,,,,2,43,9147,,,0.0867,1,101
knapPI_1_100,BuscaTabu,20.0,500,100.0,swap,,,,,,3,44,9147,,,0.1006,1,101
knapPI_1_100,BuscaTabu,20.0,500,100.0,swap,,,,,,4,45,9147,,,0.079,1,101
knapPI_1_100,BuscaTabu,20.0,500,100.0,swap,,,,,,5,46,9147,,,0.0798,1,101
knapPI_1_100,BuscaTabu,20.0,1000,100.0,flip,,,,,,1,42,8940,,,0.026,36,136
knapPI_1_100,BuscaTabu,20.0,1000,100.0,flip,,,,,,2,43,8940,,,0.0159,36,136
knapPI_1_100,BuscaTabu,20.0,1000,100.0,flip,,,,,,3,44,8940,,,0.0133,36,136
knapPI_1_100,BuscaTabu,20.0,1000,100.0,flip,,,,,,4,45,8940,,,0.0289,36,136
knapPI_1_100,BuscaTabu,20.0,1000,100.0,flip,,,,,,5,46,8940,,,0.0284,36,136
knapPI_1_100,BuscaTabu,20.0,1000,100.0,swap,,,,,,1,42,9147,,,0.169,1,101
knapPI_1_100,BuscaTabu,20.0,1000,100.0,swap,,,,,,2,43,9147,,,0.177,1,101
knapPI_1_100,BuscaTabu,20.0,1000,100.0,swap,,,,,,3,44,9147,,,0.0959,1,101
knapPI_1_100,BuscaTabu,20.0,1000,100.0,swap,,,,,,4,45,9147,,,0.08,1,101
knapPI_1_100,BuscaTabu,20.0,1000,100.0,swap,,,,,,5,46,9147,,,0.1199,1,101
knapPI_1_100,PSO_Binario,,100,,,30.0,0.4,2.0,2.0,4.0,1,42,9147,,,0.1412,31,100
knapPI_1_100,PSO_Binario,,100,,,30.0,0.4,2.0,2.0,4.0,2,43,9147,,,0.161,88,100
knapPI_1_100,PSO_Binario,,100,,,30.0,0.4,2.0,2.0,4.0,3,44,9147,,,0.1574,18,100
knapPI_1_100,PSO_Binario,,100,,,30.0,0.4,2.0,2.0,4.0,4,45,9147,,,0.1575,5,100
knapPI_1_100,PSO_Binario,,100,,,30.0,0.4,2.0,2.0,4.0,5,46,9147,,,0.09,32,100
knapPI_1_100,PSO_Binario,,100,,,30.0,0.4,2.0,2.0,6.0,1,42,9147,,,0.0889,31,100
knapPI_1_100,PSO_Binario,,100,,,30.0,0.4,2.0,2.0,6.0,2,43,9147,,,0.0854,88,100
knapPI_1_100,PSO_Binario,,100,,,30.0,0.4,2.0,2.0,6.0,3,44,9147,,,0.0853,18,100
knapPI_1_100,PSO_Binario,,100,,,30.0,0.4,2.0,2.0,6.0,4,45,9147,,,0.085,5,100
knapPI_1_100,PSO_Binario,,100,,,30.0,0.4,2.0,2.0,6.0,5,46,9147,,,0.085,32,100
knapPI_1_100,PSO_Binario,,100,,,30.0,0.7,2.0,2.0,4.0,1,42,9147,,,0.0857,52,100
knapPI_1_100,PSO_Binario,,100,,,30.0,0.7,2.0,2.0,4.0,2,43,9147,,,0.1028,4,100
knapPI_1_100,PSO_Binario,,100,,,30.0,0.7,2.0,2.0,4.0,3,44,9147,,,0.1006,18,100
knapPI_1_100,PSO_Binario,,100,,,30.0,0.7,2.0,2.0,4.0,4,45,9147,,,0.1362,7,100
knapPI_1_100,PSO_Binario,,100,,,30.0,0.7,2.0,2.0,4.0,5,46,9147,,,0.1734,40,100
knapPI_1_100,PSO_Binario,,100,,,30.0,0.7,2.0,2.0,6.0,1,42,9147,,,0.0936,52,100
knapPI_1_100,PSO_Binario,,100,,,30.0,0.7,2.0,2.0,6.0,2,43,9147,,,0.0971,32,100
knapPI_1_100,PSO_Binario,,100,,,30.0,0.7,2.0,2.0,6.0,3,44,9147,,,0.1042,16,100
knapPI_1_100,PSO_Binario,,100,,,30.0,0.7,2.0,2.0,6.0,4,45,9147,,,0.0901,7,100
knapPI_1_100,PSO_Binario,,100,,,30.0,0.7,2.0,2.0,6.0,5,46,9147,,,0.0874,4,100
knapPI_1_100,PSO_Binario,,100,,,30.0,0.9,2.0,2.0,4.0,1,42,9147,,,0.2213,16,100
knapPI_1_100,PSO_Binario,,100,,,30.0,0.9,2.0,2.0,4.0,2,43,9147,,,0.1054,15,100
knapPI_1_100,PSO_Binario,,100,,,30.0,0.9,2.0,2.0,4.0,3,44,9147,,,0.0846,6,100
knapPI_1_100,PSO_Binario,,100,,,30.0,0.9,2.0,2.0,4.0,4,45,9147,,,0.085,8,100
knapPI_1_100,PSO_Binario,,100,,,30.0,0.9,2.0,2.0,4.0,5,46,9147,,,0.0845,16,100
knapPI_1_100,PSO_Binario,,100,,,30.0,0.9,2.0,2.0,6.0,1,42,9147,,,0.0852,8,100
knapPI_1_100,PSO_Binario,,100,,,30.0,0.9,2.0,2.0,6.0,2,43,9147,,,0.084,32,100
knapPI_1_100,PSO_Binario,,100,,,30.0,0.9,2.0,2.0,6.0,3,44,9147,,,0.1012,15,100
knapPI_1_100,PSO_Binario,,100,,,30.0,0.9,2.0,2.0,6.0,4,45,9147,,,0.0857,83,100
knapPI_1_100,PSO_Binario,,100,,,30.0,0.9,2.0,2.0,6.0,5,46,9147,,,0.0854,6,100
knapPI_1_100,PSO_Binario,,300,,,30.0,0.4,2.0,2.0,4.0,1,42,9147,,,0.3283,31,300
knapPI_1_100,PSO_Binario,,300,,,30.0,0.4,2.0,2.0,4.0,2,43,9147,,,0.2494,88,300
knapPI_1_100,PSO_Binario,,300,,,30.0,0.4,2.0,2.0,4.0,3,44,9147,,,0.2474,18,300
knapPI_1_100,PSO_Binario,,300,,,30.0,0.4,2.0,2.0,4.0,4,45,9147,,,0.2508,5,300
knapPI_1_100,PSO_Binario,,300,,,30.0,0.4,2.0,2.0,4.0,5,46,9147,,,0.2475,32,300
knapPI_1_100,PSO_Binario,,300,,,30.0,0.4,2.0,2.0,6.0,1,42,9147,,,0.2472,31,300
knapPI_1_100,PSO_Binario,,300,,,30.0,0.4,2.0,2.0,6.0,2,43,9147,,,0.252,88,300
knapPI_1_100,PSO_Binario,,300,,,30.0,0.4,2.0,2.0,6.0,3,44,9147,,,0.2675,18,300
knapPI_1_100,PSO_Binario,,300,,,30.0,0.4,2.0,2.0,6.0,4,45,9147,,,0.3021,5,300
knapPI_1_100,PSO_Binario,,300,,,30.0,0.4,2.0,2.0,6.0,5,46,9147,,,0.2741,32,300
knapPI_1_100,PSO_Binario,,300,,,30.0,0.7,2.0,2.0,4.0,1,42,9147,,,0.3304,52,300
knapPI_1_100,PSO_Binario,,300,,,30.0,0.7,2.0,2.0,4.0,2,43,9147,,,0.2627,4,300
knapPI_1_100,PSO_Binario,,300,,,30.0,0.7,2.0,2.0,4.0,3,44,9147,,,0.2654,18,300
knapPI_1_100,PSO_Binario,,300,,,30.0,0.7,2.0,2.0,4.0,4,45,9147,,,0.2584,7,300
knapPI_1_100,PSO_Binario,,300,,,30.0,0.7,2.0,2.0,4.0,5,46,9147,,,0.2544,40,300
knapPI_1_100,PSO_Binario,,300,,,30.0,0.7,2.0,2.0,6.0,1,42,9147,,,0.2523,52,300
knapPI_1_100,PSO_Binario,,300,,,30.0,0.7,2.0,2.0,6.0,2,43,9147,,,0.2506,32,300
knapPI_1_100,PSO_Binario,,300,,,30.0,0.7,2.0,2.0,6.0,3,44,9147,,,0.3377,16,300
knapPI_1_100,PSO_Binario,,300,,,30.0,0.7,2.0,2.0,6.0,4,45,9147,,,0.2717,7,300
knapPI_1_100,PSO_Binario,,300,,,30.0,0.7,2.0,2.0,6.0,5,46,9147,,,0.2519,4,300
knapPI_1_100,PSO_Binario,,300,,,30.0,0.9,2.0,2.0,4.0,1,42,9147,,,0.3972,16,300
knapPI_1_100,PSO_Binario,,300,,,30.0,0.9,2.0,2.0,4.0,2,43,9147,,,0.3482,15,300
knapPI_1_100,PSO_Binario,,300,,,30.0,0.9,2.0,2.0,4.0,3,44,9147,,,0.4583,6,300
knapPI_1_100,PSO_Binario,,300,,,30.0,0.9,2.0,2.0,4.0,4,45,9147,,,0.292,8,300
knapPI_1_100,PSO_Binario,,300,,,30.0,0.9,2.0,2.0,4.0,5,46,9147,,,0.3045,16,300
knapPI_1_100,PSO_Binario,,300,,,30.0,0.9,2.0,2.0,6.0,1,42,9147,,,0.2744,8,300
knapPI_1_100,PSO_Binario,,300,,,30.0,0.9,2.0,2.0,6.0,2,43,9147,,,0.2556,32,300
knapPI_1_100,PSO_Binario,,300,,,30.0,0.9,2.0,2.0,6.0,3,44,9147,,,0.2524,15,300
knapPI_1_100,PSO_Binario,,300,,,30.0,0.9,2.0,2.0,6.0,4,45,9147,,,0.3263,83,300
knapPI_1_100,PSO_Binario,,300,,,30.0,0.9,2.0,2.0,6.0,5,46,9147,,,0.2561,6,300
knapPI_1_100,PSO_Binario,,100,,,100.0,0.4,2.0,2.0,4.0,1,42,9147,,,0.2768,30,100
knapPI_1_100,PSO_Binario,,100,,,100.0,0.4,2.0,2.0,4.0,2,43,9147,,,0.2748,12,100
knapPI_1_100,PSO_Binario,,100,,,100.0,0.4,2.0,2.0,4.0,3,44,9147,,,0.273,0,100
knapPI_1_100,PSO_Binario,,100,,,100.0,0.4,2.0,2.0,4.0,4,45,9147,,,0.2928,0,100
knapPI_1_100,PSO_Binario,,100,,,100.0,0.4,2.0,2.0,4.0,5,46,9147,,,0.2883,8,100
knapPI_1_100,PSO_Binario,,100,,,100.0,0.4,2.0,2.0,6.0,1,42,9147,,,0.2728,30,100
knapPI_1_100,PSO_Binario,,100,,,100.0,0.4,2.0,2.0,6.0,2,43,9147,,,0.2683,12,100
knapPI_1_100,PSO_Binario,,100,,,100.0,0.4,2.0,2.0,6.0,3,44,9147,,,0.272,0,100
knapPI_1_100,PSO_Binario,,100,,,100.0,0.4,2.0,2.0,6.0,4,45,9147,,,0.2776,0,100
knapPI_1_100,PSO_Binario,,100,,,100.0,0.4,2.0,2.0,6.0,5,46,9147,,,0.3421,8,100
knapPI_1_100,PSO_Binario,,100,,,100.0,0.7,2.0,2.0,4.0,1,42,9147,,,0.2847,8,100
knapPI_1_100,PSO_Binario,,100,,,100.0,0.7,2.0,2.0,4.0,2,43,9147,,,0.2855,9,100
knapPI_1_100,PSO_Binario,,100,,,100.0,0.7,2.0,2.0,4.0,3,44,9147,,,0.2972,0,100
knapPI_1_100,PSO_Binario,,100,,,100.0,0.7,2.0,2.0,4.0,4,45,9147,,,0.3202,0,100
knapPI_1_100,PSO_Binario,,100,,,100.0,0.7,2.0,2.0,4.0,5,46,9147,,,0.2854,4,100
knapPI_1_100,PSO_Binario,,100,,,100.0,0.7,2.0,2.0,6.0,1,42,9147,,,0.274,17,100
knapPI_1_100,PSO_Binario,,100,,,100.0,0.7,2.0,2.0,6.0,2,43,9147,,,0.2683,17,100
knapPI_1_100,PSO_Binario,,100,,,100.0,0.7,2.0,2.0,6.0,3,44,9147,,,0.2693,0,100
knapPI_1_100,PSO_Binario,,100,,,100.0,0.7,2.0,2.0,6.0,4,45,9147,,,0.2719,0,100
knapPI_1_100,PSO_Binario,,100,,,100.0,0.7,2.0,2.0,6.0,5,46,9147,,,0.2731,4,100
knapPI_1_100,PSO_Binario,,100,,,100.0,0.9,2.0,2.0,4.0,1,42,9147,,,0.2699,9,100
knapPI_1_100,PSO_Binario,,100,,,100.0,0.9,2.0,2.0,4.0,2,43,9147,,,0.28,9,100
knapPI_1_100,PSO_Binario,,100,,,100.0,0.9,2.0,2.0,4.0,3,44,9147,,,0.2879,0,100
knapPI_1_100,PSO_Binario,,100,,,100.0,0.9,2.0,2.0,4.0,4,45,9147,,,0.2739,0,100
knapPI_1_100,PSO_Binario,,100,,,100.0,0.9,2.0,2.0,4.0,5,46,9147,,,0.276,3,100
knapPI_1_100,PSO_Binario,,100,,,100.0,0.9,2.0,2.0,6.0,1,42,9147,,,0.2674,5,100
knapPI_1_100,PSO_Binario,,100,,,100.0,0.9,2.0,2.0,6.0,2,43,9147,,,0.2724,3,100
knapPI_1_100,PSO_Binario,,100,,,100.0,0.9,2.0,2.0,6.0,3,44,9147,,,0.2686,0,100
knapPI_1_100,PSO_Binario,,100,,,100.0,0.9,2.0,2.0,6.0,4,45,9147,,,0.2739,0,100
knapPI_1_100,PSO_Binario,,100,,,100.0,0.9,2.0,2.0,6.0,5,46,9147,,,0.2685,3,100
knapPI_1_100,PSO_Binario,,300,,,100.0,0.4,2.0,2.0,4.0,1,42,9147,,,0.8693,30,300
knapPI_1_100,PSO_Binario,,300,,,100.0,0.4,2.0,2.0,4.0,2,43,9147,,,0.8446,12,300
knapPI_1_100,PSO_Binario,,300,,,100.0,0.4,2.0,2.0,4.0,3,44,9147,,,0.8177,0,300
knapPI_1_100,PSO_Binario,,300,,,100.0,0.4,2.0,2.0,4.0,4,45,9147,,,0.8774,0,300
knapPI_1_100,PSO_Binario,,300,,,100.0,0.4,2.0,2.0,4.0,5,46,9147,,,1.1251,8,300
knapPI_1_100,PSO_Binario,,300,,,100.0,0.4,2.0,2.0,6.0,1,42,9147,,,0.9179,30,300
knapPI_1_100,PSO_Binario,,300,,,100.0,0.4,2.0,2.0,6.0,2,43,9147,,,0.819,12,300
knapPI_1_100,PSO_Binario,,300,,,100.0,0.4,2.0,2.0,6.0,3,44,9147,,,0.8027,0,300
knapPI_1_100,PSO_Binario,,300,,,100.0,0.4,2.0,2.0,6.0,4,45,9147,,,0.7974,0,300
knapPI_1_100,PSO_Binario,,300,,,100.0,0.4,2.0,2.0,6.0,5,46,9147,,,0.803,8,300
knapPI_1_100,PSO_Binario,,300,,,100.0,0.7,2.0,2.0,4.0,1,42,9147,,,0.8188,8,300
knapPI_1_100,PSO_Binario,,300,,,100.0,0.7,2.0,2.0,4.0,2,43,9147,,,0.8103,9,300
knapPI_1_100,PSO_Binario,,300,,,100.0,0.7,2.0,2.0,4.0,3,44,9147,,,0.8014,0,300
knapPI_1_100,PSO_Binario,,300,,,100.0,0.7,2.0,2.0,4.0,4,45,9147,,,0.8002,0,300
knapPI_1_100,PSO_Binario,,300,,,100.0,0.7,2.0,2.0,4.0,5,46,9147,,,0.8205,4,300
knapPI_1_100,PSO_Binario,,300,,,100.0,0.7,2.0,2.0,6.0,1,42,9147,,,0.8537,17,300
knapPI_1_100,PSO_Binario,,300,,,100.0,0.7,2.0,2.0,6.0,2,43,9147,,,0.9771,17,300
knapPI_1_100,PSO_Binario,,300,,,100.0,0.7,2.0,2.0,6.0,3,44,9147,,,0.8079,0,300
knapPI_1_100,PSO_Binario,,300,,,100.0,0.7,2.0,2.0,6.0,4,45,9147,,,0.8016,0,300
knapPI_1_100,PSO_Binario,,300,,,100.0,0.7,2.0,2.0,6.0,5,46,9147,,,0.8048,4,300
knapPI_1_100,PSO_Binario,,300,,,100.0,0.9,2.0,2.0,4.0,1,42,9147,,,0.8054,9,300
knapPI_1_100,PSO_Binario,,300,,,100.0,0.9,2.0,2.0,4.0,2,43,9147,,,0.822,9,300
knapPI_1_100,PSO_Binario,,300,,,100.0,0.9,2.0,2.0,4.0,3,44,9147,,,0.8251,0,300
knapPI_1_100,PSO_Binario,,300,,,100.0,0.9,2.0,2.0,4.0,4,45,9147,,,0.9485,0,300
knapPI_1_100,PSO_Binario,,300,,,100.0,0.9,2.0,2.0,4.0,5,46,9147,,,0.8235,3,300
knapPI_1_100,PSO_Binario,,300,,,100.0,0.9,2.0,2.0,6.0,1,42,9147,,,0.9396,5,300
knapPI_1_100,PSO_Binario,,300,,,100.0,0.9,2.0,2.0,6.0,2,43,9147,,,0.8043,3,300
knapPI_1_100,PSO_Binario,,300,,,100.0,0.9,2.0,2.0,6.0,3,44,9147,,,0.8178,0,300
knapPI_1_100,PSO_Binario,,300,,,100.0,0.9,2.0,2.0,6.0,4,45,9147,,,0.827,0,300
knapPI_1_100,PSO_Binario,,300,,,100.0,0.9,2.0,2.0,6.0,5,46,9147,,,0.9408,3,300
